CGPA,Skills,Internships,Projects,Certifications,Placed
6.87,3,3,9,1,1
9.75,8,3,8,2,1
8.66,7,4,2,0,0
7.99,3,4,8,1,1
5.78,6,4,1,0,0
5.78,4,0,9,3,1
5.29,5,4,9,3,1
9.33,5,3,8,4,1
8.01,7,1,5,0,1
8.54,5,4,5,5,1
5.1,3,1,3,3,0
9.85,10,3,5,1,1
9.16,5,4,4,4,0
6.06,7,0,1,5,1
5.91,5,0,9,2,1
5.92,5,1,10,0,0
6.52,9,5,4,3,1
7.62,3,0,3,5,0
7.16,6,0,6,1,0
6.46,1,0,1,0,0
8.06,10,3,5,1,0
5.7,5,0,7,4,0
6.46,8,2,2,3,1
6.83,5,4,10,3,0
7.28,9,0,9,4,0
8.93,6,5,6,1,1
6.0,8,5,2,0,0
7.57,10,0,8,1,1
7.96,8,0,8,0,1
5.23,3,2,1,5,0
8.04,7,0,1,4,1
5.85,7,0,1,2,1
5.33,10,4,4,0,1
9.74,6,5,4,3,1
9.83,7,2,8,5,1
9.04,2,5,1,3,1
6.52,9,2,10,5,1
5.49,10,5,3,3,1
8.42,10,0,1,1,0
7.2,1,5,9,1,1
5.61,1,5,10,1,1
7.48,3,2,9,5,1
5.17,3,1,7,5,1
9.55,1,2,8,3,1
6.29,7,2,1,0,1
8.31,4,2,5,5,0
6.56,10,3,2,3,1
7.6,2,3,1,0,0
7.73,10,3,3,1,1
5.92,5,2,7,5,0
9.85,6,1,1,2,1
8.88,9,2,2,1,0
9.7,4,0,2,4,1
9.47,2,1,4,0,1
7.99,5,3,3,2,0
9.61,3,5,3,1,1
5.44,2,5,10,5,0
5.98,1,4,5,2,0
5.23,10,1,3,3,1
6.63,2,3,7,0,1
6.94,6,1,5,4,0
6.36,8,1,4,3,0
9.14,3,5,3,2,1
6.78,9,2,4,1,1
6.4,9,0,2,0,0
7.71,2,4,1,5,1
5.7,8,3,3,4,1
9.01,10,1,2,1,1
5.37,5,4,1,4,1
9.93,4,1,1,5,1
8.86,10,5,2,0,1
5.99,5,0,9,2,1
5.03,4,5,5,4,1
9.08,8,4,9,0,1
8.53,4,3,8,4,0
8.65,10,1,6,1,1
8.86,6,0,1,4,1
5.37,2,5,10,1,1
6.79,5,4,5,1,0
5.58,6,5,1,0,0
9.32,5,1,7,3,0
8.12,2,1,10,5,1
6.65,7,3,8,4,1
5.32,4,0,8,2,1
6.55,8,2,7,1,1
6.63,7,5,2,3,1
8.65,7,1,5,1,1
8.19,9,4,4,3,1
9.44,1,5,5,3,1
7.36,10,3,10,2,1
5.6,6,3,9,3,1
8.57,6,1,4,2,1
8.8,6,1,8,0,1
7.81,6,1,8,1,1
8.85,10,2,2,2,1
7.47,7,1,6,5,1
7.61,10,5,5,1,1
7.14,6,5,2,5,1
5.13,1,0,10,4,1
5.54,3,4,4,5,1
5.16,2,1,7,0,1
8.18,6,5,1,4,1
6.57,8,5,9,4,1
7.54,3,5,10,3,0
9.54,10,2,1,5,1
6.25,8,4,5,3,0
7.05,8,3,7,5,1
8.78,5,5,8,4,1
6.14,8,1,2,3,0
5.38,6,5,4,1,0
6.45,5,4,2,5,0
5.81,9,3,4,5,1
9.65,7,2,6,3,1
9.04,8,0,6,5,1
8.17,1,1,2,4,1
9.36,2,0,4,3,1
9.02,8,2,4,3,1
5.93,9,4,1,2,0
9.46,4,4,2,2,0
7.7,10,2,3,4,1
9.04,10,5,5,1,1
9.48,9,2,8,5,1
6.59,4,1,6,0,1
5.55,10,3,3,5,1
6.14,10,0,6,0,1
7.14,10,0,7,4,1
9.09,9,4,6,1,1
9.3,7,5,10,1,1
5.03,2,4,6,1,1
7.55,9,1,1,2,1
7.09,4,2,3,4,1
6.11,8,0,7,0,1
5.6,7,1,4,1,0
6.69,7,4,4,4,1
9.71,8,4,7,5,1
6.62,1,0,9,0,1
7.59,5,4,2,2,1
8.52,2,5,9,3,0
6.82,2,4,3,0,0
9.86,1,3,6,5,1
9.81,5,2,4,0,0
6.26,2,4,1,0,0
7.49,4,3,9,3,1
6.5,3,1,6,1,0
6.42,3,4,8,5,1
5.18,2,5,2,3,1
8.05,6,1,7,0,1
7.51,2,4,6,5,0
5.26,8,0,2,2,0
6.39,8,3,2,0,1
9.54,5,3,4,2,1
6.2,10,0,4,4,1
5.72,7,2,3,2,1
7.45,4,5,8,0,0
9.93,1,3,7,3,0
6.21,2,1,2,0,0
8.36,10,5,3,0,1
8.81,10,3,10,4,1
6.19,4,2,9,1,1
8.64,1,1,5,0,1
6.84,8,5,2,4,1
8.16,9,1,3,3,0
8.17,4,0,8,4,0
7.68,10,4,4,4,0
5.45,3,0,2,2,1
9.18,2,5,2,1,1
6.6,5,4,6,1,1
5.93,3,0,8,5,1
5.2,10,4,7,3,1
7.95,7,3,4,5,1
8.39,6,1,2,4,0
5.08,1,4,9,3,1
7.56,8,3,4,3,1
6.13,2,2,9,1,0
8.23,5,0,5,1,1
5.87,9,2,7,1,1
8.45,8,5,5,0,1
6.93,2,3,2,4,0
9.68,9,2,6,3,0
5.69,5,2,7,4,1
6.71,10,3,6,3,0
5.57,6,1,3,3,1
9.62,3,4,10,5,1
9.39,3,5,8,3,1
6.29,10,5,3,3,1
8.3,8,0,5,2,1
9.09,10,4,9,2,1
7.78,10,0,5,5,1
7.65,2,5,7,0,1
6.21,2,4,7,1,0
5.47,5,2,5,3,1
9.49,6,1,2,4,1
9.5,2,2,5,2,1
8.17,5,1,7,1,0
6.7,7,3,7,0,0
6.75,10,0,4,1,0
8.63,10,0,1,3,0
9.49,8,3,6,1,1
9.44,7,4,3,3,1
8.9,8,3,5,5,0
8.21,9,5,4,2,1
5.42,5,3,2,2,0
5.81,5,1,7,3,0
9.49,10,5,5,4,1
8.03,4,3,7,2,1
5.05,9,0,9,4,1
5.51,5,2,4,3,1
8.32,2,1,5,5,0
5.03,10,1,9,3,1
5.8,8,4,10,5,0
7.74,7,2,4,2,0
8.46,8,1,5,4,1
8.26,3,3,5,3,1
6.12,4,1,8,2,1
8.56,5,1,4,5,0
6.19,6,1,4,3,1
6.63,1,4,7,5,0
8.73,4,1,5,1,1
8.25,10,1,6,5,1
9.25,5,4,6,1,0
8.29,7,5,6,2,1
7.84,5,2,10,3,1
5.47,1,5,5,2,0
6.84,7,0,5,0,0
6.33,8,4,9,5,0
6.22,7,4,8,2,0
9.87,4,1,4,2,1
6.97,8,1,7,1,1
9.46,5,0,8,5,1
8.16,10,1,9,1,1
8.97,9,3,5,3,1
7.51,10,1,3,2,1
7.88,5,1,4,5,1
7.46,1,3,10,2,0
5.98,9,0,6,3,0
8.61,5,3,10,4,0
6.4,6,4,5,3,1
5.12,4,3,9,1,1
8.23,6,2,3,1,1
5.89,8,4,2,2,1
9.7,3,1,6,1,1
9.77,5,4,7,5,0
9.57,2,0,5,3,1
6.85,2,0,1,2,0
5.08,7,3,3,3,1
9.64,10,4,3,3,1
7.14,10,1,4,2,1
9.83,10,0,10,4,1
9.82,6,5,6,1,1
9.27,4,1,5,0,1
6.47,5,5,1,0,1
6.93,1,2,6,0,1
9.26,7,5,9,1,1
6.58,8,0,1,4,1
5.85,9,3,8,3,0
7.78,8,2,8,2,1
9.68,5,4,3,4,1
8.48,3,1,9,0,0
7.85,10,0,8,5,1
5.49,9,2,3,1,0
8.08,6,2,10,1,0
9.95,5,0,5,2,1
5.7,3,4,3,5,0
7.59,6,4,5,3,1
9.39,3,3,9,4,1
8.7,10,5,4,5,1
8.49,6,4,6,4,0
8.51,4,3,3,4,0
6.8,2,5,3,3,1
6.47,8,2,5,3,1
9.05,4,0,8,3,1
9.05,9,4,8,2,1
9.34,7,3,3,1,0
9.57,2,2,8,0,1
7.56,4,4,8,3,1
7.51,5,1,3,1,1
8.99,3,2,10,3,1
8.25,9,4,10,0,1
8.51,5,2,2,5,1
8.98,2,0,10,3,0
9.45,3,0,2,1,0
6.69,9,0,9,2,1
6.88,7,5,7,5,1
5.47,2,1,6,5,0
7.89,9,0,7,5,1
5.18,4,1,8,0,0
7.33,9,0,1,1,0
7.71,2,5,8,4,1
6.43,10,2,3,4,0
7.95,4,4,3,4,0
5.15,5,4,6,2,1
5.19,2,0,4,3,1
9.11,10,4,4,3,1
6.8,1,0,4,3,0
5.64,7,0,10,2,1
7.61,10,3,9,4,0
8.85,1,3,8,5,1
6.08,8,3,3,3,1
8.11,3,1,1,5,0
5.43,10,3,1,5,0
5.26,6,0,1,2,0
7.66,7,5,4,2,1
7.7,10,5,6,1,0
8.19,1,2,4,3,0
8.63,6,3,3,4,1
9.88,7,5,8,0,1
7.58,6,3,8,2,0
6.61,4,2,6,5,0
8.98,1,5,9,1,1
6.35,9,0,10,0,1
7.19,4,1,1,2,0
5.39,7,3,8,1,1
5.13,7,5,6,5,0
9.81,2,5,1,3,1
9.18,1,2,4,1,0
8.48,8,0,5,2,0
7.04,8,4,7,3,1
5.87,7,5,8,5,0
5.78,8,1,9,4,1
6.25,3,2,6,1,1
7.75,2,5,10,0,1
8.57,7,5,9,5,1
8.3,8,2,4,3,1
6.4,1,2,8,5,0
9.77,10,3,3,3,1
8.69,9,5,4,5,1
7.77,4,4,10,4,1
8.06,4,1,4,1,0
7.1,3,0,6,0,1
6.24,6,0,9,4,1
6.78,1,4,6,1,0
8.79,6,2,1,0,0
5.07,2,2,5,5,1
5.58,9,2,9,0,1
5.23,2,5,5,2,1
5.2,7,2,6,0,1
9.28,1,2,3,1,0
8.52,7,5,8,4,1
7.37,5,5,10,4,1
5.49,8,4,4,2,0
7.46,4,3,4,1,1
7.37,10,5,5,0,1
5.87,7,1,10,2,1
7.17,6,2,9,5,1
6.99,5,3,8,3,1
8.08,4,0,7,5,0
8.18,7,4,5,1,0
5.23,5,3,9,2,1
6.87,5,5,9,4,1
8.13,1,2,10,2,1
7.52,2,2,10,3,0
9.28,5,2,2,1,0
8.29,3,3,4,2,0
5.81,2,2,8,5,0
5.35,4,5,1,0,0
8.21,4,3,5,5,1
5.13,4,2,8,1,1
7.93,4,0,2,2,0
9.7,3,0,2,5,1
7.88,7,1,8,2,1
6.94,9,2,10,5,1
8.22,5,2,9,1,1
7.29,4,3,7,4,1
7.73,2,3,8,5,1
9.71,2,2,5,0,1
6.93,5,1,1,5,1
9.81,7,2,4,1,0
9.53,10,5,2,5,1
5.98,10,3,3,0,1
5.35,9,2,3,0,1
5.5,7,3,9,1,1
5.09,5,2,10,2,1
5.47,10,4,4,5,0
8.42,10,3,2,4,1
5.36,10,1,3,0,1
6.59,6,4,3,0,0
9.22,3,5,7,5,1
5.12,5,2,8,2,1
9.07,8,5,6,5,0
6.41,1,3,4,1,0
5.59,1,4,6,4,0
8.48,7,5,1,5,0
8.14,5,1,10,0,0
9.39,5,3,8,0,0
8.68,1,4,1,1,1
9.02,9,5,5,2,1
6.41,1,4,2,5,1
5.89,5,4,6,3,0
8.75,10,5,9,2,0
9.03,9,0,5,0,0
9.95,4,2,4,5,1
7.06,8,3,2,0,0
6.86,6,3,3,4,1
8.88,3,3,6,2,1
6.7,4,4,8,3,1
9.65,2,5,8,4,0
9.29,1,2,5,3,1
7.14,8,1,5,4,0
8.75,1,3,10,2,1
8.77,1,5,3,0,1
5.52,4,2,7,3,0
9.51,10,2,6,2,1
7.53,10,0,1,3,0
9.13,6,5,4,2,1
6.6,9,3,6,4,1
9.48,1,4,6,2,0
6.95,7,2,3,4,1
5.05,10,2,6,0,1
9.53,5,1,10,4,1
5.46,8,0,6,1,0
6.6,7,2,9,0,1
9.75,4,2,9,5,1
9.75,4,4,2,5,0
7.87,6,4,4,2,0
8.16,6,1,9,2,1
7.24,9,5,4,1,1
6.47,5,1,8,2,1
6.64,8,1,10,0,1
8.36,5,4,3,0,1
8.76,2,5,3,4,1
8.96,6,4,9,3,1
8.95,9,0,10,2,0
5.46,3,3,8,1,0
7.47,1,3,1,5,0
5.29,1,0,10,0,1
7.75,3,3,2,0,0
7.21,10,5,3,0,1
9.44,5,4,2,3,1
6.75,3,3,3,3,0
5.59,9,5,8,2,0
5.71,8,4,6,5,1
8.81,3,5,7,1,0
8.09,9,0,10,3,1
5.51,6,1,10,4,1
5.42,7,0,6,3,0
8.5,4,3,1,0,0
5.36,4,4,3,1,1
9.11,2,5,1,2,0
8.53,5,3,10,3,1
5.41,8,3,9,0,0
5.42,7,1,9,4,0
9.93,7,3,5,4,1
6.87,6,1,4,2,1
6.85,3,4,9,2,0
9.06,5,4,9,3,0
9.74,1,5,3,2,1
9.93,7,1,5,5,1
8.77,9,0,3,5,1
6.88,1,4,10,0,0
5.42,2,5,2,0,1
8.89,3,0,1,0,0
7.79,3,4,10,5,1
7.12,8,4,2,3,0
9.53,7,5,8,3,1
5.56,6,5,8,2,0
7.46,10,2,3,3,1
5.06,10,3,7,0,1
7.34,4,3,7,1,1
5.28,9,0,2,0,1
5.59,1,3,9,5,0
5.59,2,0,3,1,1
8.25,4,4,2,2,0
8.73,3,2,3,4,1
7.92,1,2,2,3,0
9.81,5,4,8,3,1
6.87,7,5,5,5,0
6.43,2,1,3,0,0
9.34,5,1,5,0,0
6.12,6,3,8,1,0
9.82,7,5,7,3,1
5.06,1,0,6,5,1
9.85,7,2,1,2,0
5.22,4,3,10,0,0
9.46,8,4,1,3,1
7.64,4,5,1,4,0
9.96,6,2,10,5,1
5.37,9,0,8,1,0
7.77,5,0,8,0,1
9.85,4,1,7,0,1
7.62,8,3,6,2,0
8.15,9,4,4,0,1
8.48,4,2,1,5,1
7.27,3,0,9,3,1
8.14,8,2,1,3,0
7.92,5,4,4,3,0
9.51,2,2,3,4,1
5.23,10,3,7,4,0
6.4,9,1,5,0,1
9.75,3,2,5,4,0
9.45,2,5,4,4,0
7.28,1,1,1,2,1
8.1,8,4,5,4,0
6.39,3,1,4,1,0
5.94,7,2,10,1,1
7.32,1,2,8,1,1
6.77,1,5,2,0,0
7.92,9,0,8,3,1
5.39,8,5,1,2,1
9.87,3,2,4,0,1
9.93,6,1,3,3,1
8.49,3,5,5,2,1
7.68,4,5,5,2,0
6.55,1,0,5,2,0
9.07,5,2,4,1,0
8.42,1,2,8,1,1
5.81,1,4,3,1,1
9.55,10,0,4,2,1
9.11,7,4,1,5,1
9.75,6,4,7,2,1
8.63,2,4,1,1,0
8.07,2,3,2,2,1
7.09,7,4,7,1,1
9.66,1,5,1,1,1
9.33,2,1,3,1,0
5.23,8,5,6,5,1
5.13,6,5,6,3,0
6.88,2,2,6,2,1
9.05,7,3,2,0,1
9.94,4,4,2,1,1
5.75,2,2,6,5,0
7.97,6,0,10,0,0
6.9,9,0,5,3,1
9.85,9,2,7,2,1
9.21,8,1,7,5,1
9.19,3,2,5,1,1
7.34,3,2,8,1,1
7.07,2,3,10,1,0
6.37,5,0,6,5,0
5.28,4,0,5,0,0
9.32,7,4,4,3,0
9.06,4,5,7,2,0
10.0,9,2,4,3,1
9.98,2,2,5,1,1
7.78,6,1,5,3,0
8.84,7,0,1,0,0
9.72,4,1,1,4,1
9.25,6,3,3,4,0
6.24,7,4,3,2,1
7.25,4,1,2,2,1
5.65,8,0,2,3,1
9.77,9,3,6,2,1
8.03,1,2,1,5,0
6.14,7,3,6,0,1
8.36,9,5,5,1,1
8.09,10,1,6,1,1
6.79,5,0,5,3,0
5.57,2,1,7,1,0
8.36,10,2,1,3,1
7.6,6,2,3,2,0
8.86,7,0,6,2,1
7.6,2,5,1,5,1
9.26,2,4,7,5,1
7.76,10,3,4,0,0
7.8,10,3,3,1,1
9.38,1,2,10,5,0
7.02,4,1,9,0,1
5.67,7,1,1,4,1
5.14,9,5,8,5,1
8.78,3,4,1,0,0
8.1,7,1,5,3,1
8.52,7,3,10,3,1
6.06,7,1,8,0,1
5.68,2,4,6,2,0
5.07,6,3,7,4,0
6.75,2,1,8,0,1
7.95,6,3,6,5,1
6.96,10,2,6,2,0
7.19,3,2,6,0,0
9.52,2,5,5,1,1
6.74,6,2,8,5,0
7.57,2,1,2,5,0
8.92,5,4,7,3,1
6.98,2,3,4,1,0
8.11,3,0,1,1,1
9.31,3,2,5,5,1
9.75,6,2,3,4,1
5.74,6,0,4,2,0
9.63,10,0,7,3,1
7.46,3,1,5,1,1
6.29,3,3,4,3,1
7.3,1,2,1,5,1
9.9,7,4,6,2,1
7.46,8,1,10,0,1
6.64,2,1,6,1,1
8.17,4,4,7,2,0
6.2,10,4,1,3,1
5.38,7,5,4,5,1
5.64,8,4,9,2,0
5.64,1,0,10,0,0
5.76,4,2,6,2,1
5.69,6,5,2,5,0
8.2,3,0,4,3,0
5.91,5,5,6,1,1
6.73,10,2,4,1,0
9.48,9,5,10,4,1
7.37,3,0,7,3,0
8.34,5,3,3,4,1
5.86,8,2,6,4,1
5.96,6,1,4,5,1
5.2,4,2,3,5,0
5.84,8,2,3,5,1
6.39,3,2,2,0,1
5.89,3,3,3,3,1
5.44,4,0,10,1,1
5.6,9,1,1,3,1
7.3,5,0,3,5,1
6.03,8,5,9,0,0
6.82,6,5,4,3,1
7.52,3,5,3,3,0
8.45,8,0,8,4,1
5.2,9,4,1,3,1
9.0,8,3,5,4,1
8.14,4,4,1,4,1
5.41,6,5,7,2,0
9.37,1,3,5,5,0
9.6,4,0,2,0,0
5.31,8,5,1,4,0
6.38,1,0,7,3,0
9.03,3,3,1,4,1
8.74,1,0,3,4,1
5.92,9,0,6,4,0
6.05,2,1,6,1,1
6.85,9,4,7,1,1
7.42,4,4,1,1,1
8.09,2,4,7,1,1
6.84,4,2,2,2,1
7.31,10,1,6,4,0
8.74,6,5,8,2,1
5.18,7,5,5,3,1
6.26,3,5,10,5,1
8.57,3,4,3,0,1
9.48,10,4,8,2,1
7.56,8,1,8,1,0
7.66,5,0,4,1,0
5.54,4,4,8,3,0
7.24,7,5,5,4,1
7.66,7,0,5,0,1
6.21,9,4,3,2,0
6.35,9,3,7,4,1
6.89,5,2,9,4,0
5.1,8,4,9,5,1
6.61,10,3,1,5,1
6.06,1,1,1,2,0
6.64,9,3,10,2,1
5.6,8,1,5,2,1
9.45,6,4,1,2,1
7.97,3,1,4,1,0
8.4,3,3,1,4,0
8.95,8,2,2,4,1
7.49,5,0,2,1,0
5.43,10,0,4,4,0
7.69,7,2,8,2,1
7.93,5,5,2,0,1
8.73,8,0,9,5,1
7.16,10,4,9,5,1
5.64,10,5,2,4,1
6.42,4,4,1,0,0
6.82,2,3,10,5,1
8.23,3,3,10,0,1
7.85,8,5,9,1,1
6.78,7,5,2,3,1
9.93,2,5,8,4,0
8.03,6,5,3,1,0
6.19,9,1,1,1,0
5.51,4,5,1,0,0
5.76,9,5,10,4,1
6.23,2,3,2,1,0
5.8,2,4,7,2,0
5.93,9,3,6,1,1
6.43,7,0,2,2,1
5.87,7,1,4,3,1
9.48,1,1,2,2,1
5.4,6,4,1,2,1
7.62,7,5,3,0,1
7.05,6,3,4,1,0
9.91,6,0,10,3,1
5.56,2,3,5,1,1
6.99,6,5,5,2,1
9.85,4,5,7,5,1
9.33,9,2,10,2,1
9.09,1,3,8,1,0
6.29,8,4,9,3,0
5.85,5,3,7,5,1
8.34,1,1,5,3,0
9.65,4,0,9,0,1
7.78,1,4,8,2,1
7.86,6,2,10,2,0
6.4,2,0,9,0,1
8.85,5,0,10,1,1
5.94,7,1,8,2,1
6.62,2,1,6,1,0
7.13,6,1,4,3,1
7.54,6,4,9,5,0
6.21,5,3,9,5,0
5.57,5,0,10,5,1
8.05,3,3,10,4,0
6.44,10,3,9,0,0
7.91,10,1,10,5,1
5.77,2,3,3,2,0
7.41,7,0,3,0,1
7.66,1,0,6,3,0
5.26,6,5,6,3,0
6.68,6,2,6,3,1
5.67,3,4,5,3,1
5.32,2,3,5,4,0
9.95,2,4,2,1,1
6.61,9,4,7,1,1
9.05,5,4,4,5,1
6.27,7,5,3,4,1
8.41,5,4,8,1,1
8.8,7,5,4,3,1
7.98,4,0,4,1,0
7.36,8,3,8,0,1
7.06,10,5,1,5,1
6.74,10,2,9,1,1
9.65,7,4,7,0,1
9.15,10,2,2,2,1
9.83,5,0,6,0,0
5.62,6,0,8,0,0
8.65,5,1,5,3,1
9.69,7,4,6,3,1
5.91,2,1,10,5,0
5.33,5,2,8,3,1
8.71,10,3,6,0,1
7.87,3,1,9,4,1
9.21,9,0,9,3,0
5.7,6,4,9,3,0
8.98,10,2,6,0,1
6.01,3,5,9,2,1
5.82,7,0,3,2,1
5.82,4,5,5,1,1
9.07,3,3,2,5,0
8.33,8,4,8,2,1
7.62,4,3,4,3,0
6.79,1,3,6,4,0
9.39,6,4,6,1,1
6.96,10,4,5,5,1
9.08,1,5,1,4,1
7.2,5,3,7,4,1
6.88,7,2,10,3,1
7.31,6,5,8,0,1
6.51,2,4,1,0,1
8.74,4,0,10,0,1
7.51,2,5,7,2,0
6.16,1,1,4,0,0
9.5,3,2,6,5,0
6.92,3,5,9,3,1
7.72,7,4,5,2,1
9.53,1,4,8,5,1
8.12,9,2,5,0,1
5.58,6,1,2,5,0
9.7,4,5,4,4,1
8.14,3,5,2,3,0
6.67,3,3,7,3,1
5.7,2,0,7,5,1
8.97,2,4,3,1,1
8.1,10,5,7,3,1
7.67,5,5,1,4,0
9.47,9,5,1,3,0
8.94,2,1,9,1,1
5.76,2,0,6,3,1
6.56,6,5,5,3,1
6.24,10,2,6,1,1
8.72,2,4,6,3,1
5.17,4,3,1,5,0
7.85,6,2,5,2,1
8.81,5,4,9,5,1
9.38,1,1,4,3,1
6.71,6,0,3,0,0
9.11,1,0,1,0,1
5.55,3,4,2,2,0
9.23,10,2,3,3,1
5.64,5,3,4,4,1
6.99,10,1,7,3,0
8.99,5,4,6,0,0
5.75,10,1,8,1,1
6.15,6,0,9,2,1
8.61,10,5,6,1,1
8.6,8,5,7,4,0
8.21,5,3,4,3,0
8.47,1,1,2,4,0
7.71,5,4,9,1,0
6.26,3,3,9,3,1
6.73,4,2,4,5,1
5.91,8,5,3,5,0
9.54,7,4,10,4,1
7.92,5,1,6,5,0
7.0,2,3,3,5,1
7.31,6,4,1,0,1
9.74,6,3,4,5,0
5.77,10,3,1,0,0
7.93,10,3,2,2,1
7.53,6,1,3,0,1
8.06,9,4,8,0,0
5.09,8,0,10,1,0
9.36,8,0,4,0,0
9.66,1,1,4,0,0
7.83,5,1,10,1,1
8.48,7,5,9,0,1
9.61,6,3,7,5,1
8.54,5,4,2,0,1
5.76,8,4,3,2,0
7.88,3,2,4,0,0
8.03,6,2,4,0,1
7.12,5,0,10,2,0
8.68,8,2,8,1,1
9.67,4,2,10,5,1
9.63,8,0,10,0,0
7.25,10,5,6,5,1
5.57,2,0,3,4,1
9.92,9,2,9,5,1
9.19,9,4,10,1,1
5.62,10,2,8,1,1
9.6,10,3,9,0,1
9.35,6,3,5,2,1
7.59,4,3,3,1,1
7.96,4,5,4,2,1
7.0,6,1,5,4,1
5.27,5,3,9,2,0
6.68,6,4,9,3,0
9.01,7,5,3,2,0
5.02,7,1,7,1,0
6.67,9,1,6,2,0
6.99,8,3,4,2,1
7.69,6,2,5,3,0
9.6,6,0,10,3,0
6.73,5,2,2,0,0
6.73,1,2,7,1,0
8.69,9,1,4,0,1
7.26,9,1,2,3,0
6.12,9,5,6,2,1
7.26,8,5,2,3,0
5.7,10,1,10,4,1
5.88,3,4,2,2,0
7.49,1,4,7,0,0
7.09,8,0,1,2,1
9.57,7,1,7,4,1
6.81,5,3,10,3,1
7.9,10,5,5,1,0
8.16,7,1,1,5,1
5.07,10,4,6,1,1
8.32,4,1,7,1,1
5.89,9,4,1,3,1
9.81,10,1,9,1,1
5.74,2,3,7,4,0
7.07,9,0,1,3,0
5.43,9,3,3,1,0
9.98,5,4,5,5,1
7.51,1,5,4,0,0
7.98,7,5,2,3,0
5.34,10,2,1,3,0
8.75,10,3,4,2,1
6.05,4,1,7,1,0
9.49,9,0,4,0,1
6.03,6,1,9,5,0
5.95,3,1,8,4,1
5.18,6,3,8,3,0
7.36,10,0,5,4,0
7.82,6,2,1,4,1
5.33,5,1,9,4,1
8.88,2,0,2,2,0
7.27,10,2,6,4,1
7.62,10,1,10,1,1
7.2,2,0,5,1,1
7.0,7,3,10,0,1
7.8,2,5,8,0,1
5.78,6,5,3,5,1
5.91,5,1,6,4,1
9.31,4,1,6,4,1
9.73,7,0,10,2,1
6.87,8,5,3,4,0
6.35,4,1,7,4,1
8.22,1,2,4,4,0
7.04,1,1,5,3,0
5.13,1,5,9,3,1
5.78,1,4,6,2,0
8.58,5,5,10,2,1
8.29,4,2,4,1,1
5.14,9,0,8,2,1
6.11,3,2,9,5,0
6.16,7,4,10,1,1
8.36,8,4,5,4,1
5.1,6,1,2,2,1
5.52,10,1,6,5,0
9.0,1,5,8,2,1
5.89,8,3,5,2,1
8.26,10,2,1,1,1
6.19,3,5,8,1,0
5.5,8,3,9,0,1
6.22,4,5,1,1,1
8.61,8,4,8,1,1
9.28,1,1,10,3,1
9.15,3,1,2,2,1
6.99,6,5,4,1,1
8.34,9,1,2,2,1
6.02,2,0,2,2,1
6.47,1,5,10,3,1
9.48,10,4,3,2,1
5.07,3,5,8,5,1
5.43,4,5,4,1,1
6.04,5,1,7,2,1
5.13,3,4,10,0,1
5.91,10,5,3,0,1
7.92,2,1,10,3,1
7.11,2,2,3,5,1
9.46,7,4,2,1,0
9.09,9,3,6,3,1
6.71,10,0,6,0,1
6.3,2,3,1,5,0
6.9,7,4,7,1,1
7.95,7,5,4,2,0
6.34,7,1,3,1,1
8.12,3,4,8,4,1
7.05,7,0,2,1,0
7.76,1,4,9,2,1
7.18,10,1,8,4,1
6.47,1,3,8,5,1
9.74,5,2,3,3,0
8.82,2,3,4,5,1
5.7,9,1,2,1,1
9.34,7,1,2,3,0
7.44,4,0,4,1,0
9.47,4,4,6,0,0
9.0,2,4,5,0,1
7.13,5,3,1,2,0
5.11,4,2,10,5,1
6.34,1,2,1,0,1
7.71,8,0,6,4,0
8.17,3,1,3,4,1
6.29,6,0,3,1,0
5.7,4,4,7,3,0
9.17,9,5,1,4,1
9.92,7,5,1,1,1
7.63,9,5,10,3,0
5.86,10,1,3,0,0
6.36,3,0,8,1,1
5.09,1,3,1,3,0
9.57,5,4,10,2,1
5.59,3,5,4,5,1
7.88,6,2,9,5,1
6.37,8,0,4,2,0
7.77,4,4,10,4,1
8.26,5,4,8,5,0
9.15,5,2,7,3,0
6.03,4,2,3,2,1
5.05,4,2,7,4,1
5.68,4,5,7,1,1
9.5,4,5,10,1,1
9.37,4,0,3,3,1
7.99,5,2,2,3,0
8.0,2,3,9,3,0
8.33,2,4,1,5,1
5.88,9,2,7,3,1
9.57,2,4,4,2,1
7.09,6,1,2,2,0
6.92,2,1,2,4,1
7.59,5,2,8,2,1
5.23,4,4,7,5,1
5.83,7,1,7,1,0
8.69,7,2,5,4,1
5.41,6,4,10,2,1
8.02,10,2,8,3,1
6.23,5,5,2,2,1
6.95,1,4,2,0,0
6.44,3,1,5,4,0
6.78,9,2,1,5,1
8.6,1,1,6,2,1
6.49,5,2,4,2,1
7.83,2,0,6,5,0
7.38,4,1,7,1,0
8.32,1,1,3,3,1
9.68,3,3,8,3,1
8.66,10,5,7,1,0
6.07,7,1,1,1,0
5.16,10,4,6,0,1
6.31,3,2,7,5,0
7.98,4,0,4,4,1
5.26,2,4,2,3,0
7.48,3,4,10,1,1
7.98,9,4,9,1,1
6.67,3,4,7,5,1
8.85,5,0,1,4,1
5.53,2,3,8,1,0
5.38,4,5,3,0,1
8.64,7,1,4,4,0
7.48,7,4,5,0,1
8.44,3,1,1,2,0
7.17,5,1,6,3,1
6.23,1,4,10,1,0
9.1,10,3,6,4,1
9.0,10,1,2,0,0
8.47,10,2,10,3,1
6.36,1,1,6,3,0
7.95,5,5,8,1,1
6.8,10,4,6,3,1
5.46,9,0,4,1,1
9.59,1,1,4,2,0
5.68,1,3,9,1,0
9.75,4,2,6,5,1
7.23,4,2,8,0,0
5.93,2,0,8,5,1
7.71,9,5,7,3,1
9.36,9,0,3,3,1
8.66,2,5,10,3,1
9.03,9,1,1,1,0
8.29,6,4,5,4,1
8.46,8,3,10,1,1
9.25,10,2,10,0,1
6.25,4,0,2,1,0
7.45,2,3,10,3,1
6.11,2,5,2,2,0
9.94,9,4,7,0,1
9.72,1,2,3,5,1
5.2,7,2,8,2,0
8.53,3,5,9,0,0
9.63,3,4,8,0,1
5.9,2,2,6,3,1
7.84,10,4,5,5,0
9.58,6,2,3,1,1
5.17,10,1,3,5,1
8.49,2,5,7,3,1
6.49,10,4,5,3,1
9.62,4,3,6,3,0
9.86,10,1,6,2,0
9.72,9,3,9,5,1
7.37,9,5,1,5,0
9.31,6,2,8,0,1
9.22,4,3,10,4,1
6.6,7,1,5,1,0
9.14,1,4,6,3,1
5.19,4,0,6,5,0
7.98,5,3,1,5,1
6.15,8,0,3,0,1
5.6,2,5,6,1,1
5.38,5,3,9,4,1
8.48,6,3,6,4,1
6.7,5,4,6,3,1
8.62,9,2,1,4,0
5.33,10,1,9,4,1
6.58,1,1,4,1,0
7.7,3,1,2,1,0
8.95,2,5,1,3,0
6.59,3,2,3,5,0
8.13,10,0,3,0,1
9.43,9,1,5,3,0
8.08,9,0,1,2,1
6.16,10,2,7,4,1
5.12,2,5,1,0,0
9.35,3,2,4,5,1
5.11,4,4,6,5,1
9.37,9,1,1,1,1
7.64,3,5,7,2,0
9.7,7,4,10,5,1
8.99,3,1,7,2,0
9.99,7,2,3,4,1
6.75,7,2,4,1,0
8.84,9,3,6,0,1
7.01,2,3,7,1,1
7.4,6,2,4,4,1
8.14,9,2,10,5,1
9.37,2,0,9,2,0
9.92,2,0,9,4,1
8.84,5,4,9,5,1
7.09,10,3,10,3,0
7.11,10,3,6,2,1
8.69,10,2,2,4,0
6.19,8,2,2,0,1
5.55,9,4,4,0,1
6.77,2,5,9,5,1
6.44,5,5,3,5,1
6.48,7,5,6,0,1
6.17,6,3,2,3,0
5.21,6,0,1,1,1
5.09,7,5,5,0,0
9.94,3,1,8,5,0
7.14,3,4,10,5,0
6.92,10,5,10,3,1
8.4,9,1,2,0,0
6.09,8,5,10,3,1
9.75,5,0,9,0,0
8.93,6,0,8,1,0
5.45,10,5,3,4,1
7.09,1,1,1,0,0
9.4,10,4,4,4,0
9.72,1,1,8,0,1
7.34,4,4,3,1,1
8.07,2,5,10,5,1
5.84,7,4,2,4,1
9.96,2,2,7,3,1
6.16,10,3,4,0,1
9.71,2,3,6,5,1
8.25,5,0,5,0,0
8.04,4,2,2,3,1
7.56,8,3,10,1,1
6.15,4,5,2,2,1
5.88,6,4,9,0,1
6.1,5,4,10,3,0
5.93,2,1,2,2,1
8.9,8,1,8,0,1
6.75,2,4,8,4,1
5.29,9,5,1,5,0
9.85,9,4,1,5,1
9.42,3,1,4,3,1
9.64,4,3,2,4,1
9.97,8,0,1,1,0
5.87,9,1,9,2,1
6.98,3,5,3,3,1
8.79,5,3,1,0,1
8.48,8,3,2,5,1
5.77,3,3,8,0,0
9.08,7,2,5,2,1
6.12,8,2,7,4,0
6.12,10,3,6,4,1
7.68,3,5,1,3,1
7.96,2,4,6,3,1
7.9,10,5,7,4,1
5.46,7,2,4,3,1
9.39,9,1,8,4,1
6.33,1,2,8,2,0
5.65,3,4,7,3,1
9.44,5,0,2,4,0
9.78,3,2,6,3,1
9.31,1,5,6,0,1
9.05,7,5,7,5,1
8.28,7,3,6,0,1
7.75,10,3,2,1,0
5.43,8,3,8,4,1
7.04,5,0,4,1,0
6.86,10,4,9,4,0
6.3,5,1,8,5,0
8.62,5,5,3,3,1
7.48,1,5,3,4,1
5.41,10,4,8,0,1
6.1,5,0,2,3,1
8.42,6,3,9,5,0
5.38,1,4,4,0,0
9.26,7,1,6,3,1
7.48,1,3,3,4,0
7.4,2,1,3,4,0
7.96,2,2,3,0,1
9.12,5,1,10,2,1
6.74,10,3,2,4,1
8.39,7,2,8,2,1
7.83,1,3,9,3,1
6.34,10,5,8,2,1
9.39,1,3,10,0,0
8.99,1,2,3,1,1
8.29,6,1,7,1,1
9.25,2,5,10,0,1
9.34,1,0,2,1,1
8.54,6,0,4,0,1
9.19,2,0,6,4,1
8.49,6,0,5,2,1
8.4,10,4,9,1,1
8.09,8,0,10,4,0
8.76,2,2,4,1,1
5.79,9,0,5,3,0
9.4,8,3,4,0,0
9.36,10,0,8,0,1
5.15,1,1,8,4,1
9.13,7,2,3,3,1
5.64,10,2,1,2,1
6.68,6,5,6,3,1
8.72,6,4,2,3,1
5.8,6,3,2,5,1
9.09,6,2,3,2,0
9.16,10,1,8,2,0
7.54,7,0,3,3,1
5.03,3,2,7,1,0
6.44,6,1,10,5,1
8.08,3,0,10,1,0
9.91,7,4,9,3,1
8.16,7,2,8,1,0
6.3,8,2,1,2,0
8.17,2,1,7,2,0
7.7,9,5,7,1,0
8.9,5,3,8,2,0
5.53,9,4,10,0,1
8.81,10,3,5,2,1
7.71,5,2,10,3,0
9.81,7,3,9,4,0
6.71,9,0,9,1,1
8.16,4,4,8,5,1
9.66,2,3,6,1,0
5.51,9,0,6,2,1
9.69,2,1,1,2,1
8.44,3,3,6,4,1
5.34,10,4,4,4,0
6.5,2,0,4,5,0
8.54,3,3,2,3,0
5.34,6,1,4,0,0
7.91,3,3,5,3,0
6.73,10,0,5,5,0
8.1,8,3,5,1,1
5.23,6,4,4,2,0
9.36,7,2,1,3,1
9.87,1,0,10,2,1
9.84,3,0,8,2,0
8.75,3,0,3,3,1
5.65,2,0,2,3,1
8.79,7,3,9,4,1
5.12,9,4,7,5,1
5.11,4,1,9,5,1
6.62,5,4,2,0,1
7.44,3,0,9,4,1
8.85,9,5,10,0,1
8.42,4,3,9,3,0
7.23,5,5,9,5,1
6.37,1,3,10,5,1
9.99,2,0,10,0,0
7.13,9,3,4,1,1
7.26,2,0,10,4,1
5.82,5,4,3,4,1
8.97,8,2,6,4,0
8.47,3,3,3,5,1
6.1,6,0,9,2,1
5.41,4,5,3,5,0
8.4,7,0,2,2,1
8.27,10,5,8,5,1
6.37,3,3,6,3,1
9.75,6,1,8,5,1
5.76,10,5,7,3,1
7.16,9,0,3,2,1
9.72,10,3,8,4,1
7.1,1,0,10,2,1
8.19,3,1,1,0,0
6.99,2,2,1,4,0
6.37,8,1,10,5,1
9.92,7,4,8,5,1
7.05,2,3,9,5,0
9.47,6,1,10,5,1
6.15,3,2,6,5,0
6.07,8,0,5,2,1
5.16,10,3,2,3,1
8.26,3,5,9,2,1
6.84,10,1,6,1,0
9.32,9,2,8,2,0
7.37,1,1,9,4,0
9.84,5,4,9,5,1
5.93,3,3,8,2,0
9.34,6,0,10,3,1
8.88,10,2,8,5,1
8.85,2,1,3,0,0
9.22,9,3,3,1,1
8.81,6,1,2,4,1
8.13,7,3,1,3,0
5.66,5,4,4,1,1
5.16,9,1,2,2,1
9.6,1,4,2,1,1
8.08,5,5,5,5,0
8.98,10,5,4,5,1
7.41,6,2,1,0,0
5.59,7,4,9,1,1
5.63,4,3,4,1,1
8.43,1,2,5,5,1
7.15,8,1,7,2,1
6.0,10,1,2,2,1
7.46,4,3,8,4,1
5.32,3,0,2,2,0
7.91,7,0,10,1,1
6.34,2,1,5,0,1
8.99,8,3,2,2,0
6.55,6,0,2,5,1
7.28,7,4,4,5,1
5.06,5,1,4,4,1
5.36,9,5,8,4,0
6.96,5,4,6,1,0
7.4,5,3,10,2,1
8.0,3,5,8,2,1
6.46,1,4,7,4,0
8.47,2,0,10,2,0
9.3,8,0,4,1,1
8.9,1,5,2,0,0
5.2,7,2,9,5,0
7.4,5,1,2,1,0
5.52,3,5,1,2,0
6.21,7,3,8,1,1
9.93,9,1,10,5,1
5.71,2,4,9,3,0
7.49,8,3,1,5,1
8.09,9,3,7,5,0
8.51,3,0,2,3,1
7.8,2,4,6,2,1
5.05,7,0,5,2,1
6.63,5,0,1,0,1
7.59,5,2,2,5,1
5.44,10,0,2,1,0
6.75,5,1,10,0,1
5.17,4,3,10,2,1
5.39,5,0,6,2,0
6.98,4,5,1,4,1
5.66,6,1,4,0,0
7.84,4,4,10,2,0
8.45,2,3,5,3,1
9.0,9,5,2,4,0
6.0,2,5,2,1,1
5.84,9,4,7,4,0
5.52,10,5,7,5,1
8.18,6,1,6,5,0
8.53,9,4,1,1,1
5.16,9,5,3,3,1
9.68,3,4,9,1,0
5.26,1,4,10,0,1
7.71,1,0,1,1,1
8.55,3,0,2,1,1
9.35,5,0,8,4,1
8.57,3,5,7,3,1
9.01,9,3,9,1,1
6.7,9,1,10,0,1
9.07,3,5,4,4,0
5.4,3,0,4,3,0
9.47,5,4,7,3,1
7.74,2,5,1,2,1
9.09,6,4,10,5,1
7.26,7,4,9,0,1
8.22,9,4,2,5,1
7.63,6,2,1,4,1
8.66,3,3,7,4,0
5.41,5,1,6,0,1
5.3,4,1,3,3,0
6.24,5,0,1,1,0
5.8,8,2,5,0,0
9.36,8,5,10,4,1
6.1,6,5,4,5,1
9.88,1,1,5,0,1
6.68,8,3,1,3,1
5.91,8,4,1,2,1
8.95,2,0,5,2,1
8.29,4,3,6,1,1
7.49,2,1,5,1,1
7.78,4,2,2,3,1
8.6,10,0,9,5,1
6.14,7,1,5,1,0
9.98,9,5,5,2,1
9.87,8,0,10,3,0
8.25,9,1,9,3,1
6.0,8,5,3,3,0
8.4,2,5,5,0,1
5.36,7,4,5,5,1
5.15,2,2,2,5,1
6.29,2,4,4,1,1
7.31,4,1,2,5,1
9.34,1,3,5,4,0
8.64,5,4,10,2,1
8.71,6,3,2,1,1
7.13,9,5,10,5,1
6.73,10,1,9,2,1
6.86,8,2,10,1,1
9.94,2,3,6,4,0
5.2,1,1,8,2,1
9.34,2,3,9,4,1
7.89,7,4,8,2,0
7.19,4,1,5,0,1
8.63,10,4,5,0,1
7.43,5,0,6,2,0
9.37,7,1,1,2,0
9.5,3,3,8,4,1
7.11,10,0,2,5,1
6.38,2,4,6,3,0
7.96,7,4,9,2,1
9.56,5,3,3,1,1
6.05,1,0,2,1,0
8.11,1,5,10,1,0
8.16,9,2,5,0,0
8.67,5,3,9,5,1
5.66,1,4,6,4,1
8.58,7,1,8,5,1
9.55,9,0,8,0,1
5.9,1,5,7,5,0
6.19,10,2,5,5,1
9.86,4,1,2,1,0
5.9,3,0,10,2,0
9.27,5,5,10,1,1
7.46,7,3,5,5,0
6.24,8,5,7,2,1
9.35,2,3,7,4,1
7.23,7,0,2,3,1
7.57,1,5,7,2,0
6.8,7,2,6,0,0
7.96,8,5,7,1,1
5.82,2,0,8,1,0
6.96,9,1,4,5,0
9.85,1,1,1,5,0
6.29,6,5,8,5,1
8.28,1,5,8,5,1
6.63,3,3,3,1,1
8.87,6,0,3,2,0
5.65,3,3,5,4,1
9.85,8,2,3,2,0
7.27,5,1,5,0,1
6.18,2,4,8,1,1
5.37,4,4,1,2,0
5.85,9,0,2,1,1
7.6,4,0,2,0,1
6.69,10,4,4,3,1
9.14,10,0,9,3,1
7.15,8,1,2,3,1
6.24,5,2,9,1,0
8.09,10,2,7,2,1
8.53,1,3,10,1,0
5.84,7,1,8,4,1
5.84,3,0,1,2,0
5.18,10,0,5,0,0
8.68,8,3,9,5,1
8.32,3,3,4,3,0
7.37,1,0,2,2,1
9.22,5,0,6,2,1
9.03,2,1,2,3,0
7.93,4,3,3,0,0
9.34,1,1,8,1,1
6.03,9,5,3,1,1
5.56,6,0,2,5,1
6.35,8,4,6,2,0
5.29,4,4,3,3,0
7.66,9,5,1,4,1
9.68,2,0,3,0,1
5.2,9,3,6,1,1
5.61,5,4,3,0,1
7.26,6,3,9,0,0
9.67,3,4,7,5,1
6.58,4,3,5,0,1
7.54,6,4,2,3,1
5.21,7,3,9,5,1
5.74,1,5,5,3,1
9.93,7,1,7,5,1
9.83,1,3,9,3,0
5.02,5,1,4,5,1
9.76,6,1,9,5,1
8.2,2,0,1,2,0
9.34,10,5,6,3,1
7.27,9,1,2,2,1
7.58,10,2,8,5,1
7.44,6,1,5,1,0
8.33,7,3,3,5,1
5.7,10,1,2,1,0
5.15,8,3,8,1,0
6.54,10,3,7,1,1
8.52,1,2,9,1,1
6.01,8,1,8,3,1
8.37,4,1,4,4,1
9.85,10,4,2,3,1
5.47,8,4,2,4,0
8.36,6,0,2,3,1
7.22,9,3,6,1,1
9.34,4,2,7,0,0
5.89,2,4,6,5,0
8.46,2,1,2,4,0
9.19,5,0,4,0,1
9.72,10,2,3,1,1
8.42,9,5,4,4,1
7.49,3,1,5,0,0
8.09,8,1,7,3,0
9.34,4,5,9,1,1
7.85,6,3,2,3,1
5.15,10,3,8,3,1
9.65,6,4,3,1,1
8.45,3,4,9,4,1
8.38,5,1,10,5,1
6.08,3,1,4,2,0
8.29,1,4,3,2,1
6.97,7,5,10,5,1
8.26,4,4,6,1,0
5.53,7,1,10,2,1
8.29,3,2,9,5,1
10.0,5,1,7,0,1
5.24,5,2,4,5,1
9.89,2,2,3,4,0
7.03,10,1,10,5,1
9.35,2,0,4,3,0
8.91,4,4,3,3,1
7.84,4,3,3,1,0
8.69,4,1,9,3,1
9.39,6,2,4,0,1
7.02,2,1,9,5,1
6.64,6,4,10,0,1
8.34,7,5,5,1,1
9.04,10,2,7,3,1
8.81,3,3,5,2,0
8.99,8,3,1,5,1
7.18,2,3,2,2,0
9.09,8,5,5,4,1
5.6,5,0,6,1,1
7.72,2,2,7,4,1
5.03,7,5,2,2,1
6.62,2,2,10,2,1
6.83,6,5,9,2,0
6.98,10,5,6,4,1
8.48,3,0,2,1,0
6.94,9,2,2,5,1
7.24,3,5,3,5,1
6.19,3,0,1,0,0
6.87,5,1,9,0,1
6.14,7,4,10,2,1
5.37,8,5,4,1,1
8.02,7,3,5,1,1
8.34,9,0,7,3,1
8.1,5,0,1,3,0
7.32,10,5,3,4,1
6.9,3,0,3,3,0
9.32,6,1,2,5,0
7.6,5,0,8,5,0
7.4,4,4,5,4,1
5.13,2,4,1,0,0
6.71,7,3,2,2,1
6.9,5,1,1,1,0
6.99,4,4,6,0,0
7.9,8,5,9,5,1
7.67,9,2,7,0,0
8.04,9,2,5,4,1
8.82,3,2,3,2,0
9.06,3,5,8,5,1
8.59,5,0,10,4,1
9.78,5,5,4,0,1
5.09,10,0,9,1,0
5.98,2,2,5,3,0
5.04,1,3,6,4,1
8.24,8,3,5,5,1
9.49,3,0,10,0,1
6.22,1,2,7,3,0
9.64,1,5,7,3,0
5.3,2,3,1,0,1
9.67,6,0,2,2,1
6.76,6,5,7,0,0
5.51,3,2,8,5,0
7.43,4,1,4,1,0
6.28,2,2,6,5,0
6.42,2,2,10,3,1
6.54,7,5,3,1,1
9.02,1,5,7,4,1
7.7,7,4,3,3,1
6.56,1,4,7,2,0
8.05,6,5,8,0,1
8.58,3,5,3,4,1
6.36,8,1,2,5,1
7.07,6,1,6,1,1
5.61,2,2,4,4,0
5.91,8,3,8,2,1
8.41,5,1,2,0,1
5.91,8,2,4,4,0
7.63,8,0,2,5,0
8.55,6,4,2,1,1
5.53,2,3,2,4,0
7.84,8,2,1,0,1
6.28,6,5,4,5,1
9.81,6,0,2,4,0
7.42,8,4,9,1,1
9.03,1,0,9,0,1
7.75,2,2,7,2,1
5.22,9,1,6,2,0
8.17,8,4,3,3,1
9.76,7,0,7,4,1
8.01,7,1,1,1,1
9.1,5,3,9,4,1
9.42,2,2,4,0,0
6.14,6,2,6,3,1
6.06,10,4,6,1,1
8.05,3,0,3,4,1
7.06,4,3,4,1,1
9.2,10,5,10,0,1
9.5,2,4,3,3,0
6.77,2,5,6,1,1
6.18,8,4,1,0,1
8.9,8,0,8,2,1
6.37,10,3,8,1,0
9.11,6,0,9,3,0
7.12,5,2,6,5,0
8.34,8,5,1,5,1
5.48,4,1,3,1,0
8.12,4,2,1,1,0
7.26,5,2,5,0,1
7.93,1,5,3,4,0
5.84,1,4,2,5,1
8.68,2,2,3,4,0
9.31,8,3,9,5,1
6.08,7,2,8,1,0
5.48,10,3,3,3,0
5.12,9,0,2,3,0
8.21,5,4,5,5,1
8.04,2,3,1,5,1
7.73,7,2,4,0,1
6.16,8,4,8,1,0
6.95,7,4,1,1,1
7.97,7,3,5,4,1
7.48,5,3,4,0,0
9.94,2,1,6,2,1
5.68,6,1,7,3,1
8.48,4,4,9,3,0
7.02,10,5,1,1,1
7.14,2,5,10,0,0
8.59,9,1,4,2,0
8.46,7,2,6,3,1
9.96,6,0,10,0,0
5.64,5,4,7,2,1
5.52,3,0,7,5,0
8.62,10,1,8,1,1
7.89,10,3,10,4,1
6.37,4,4,8,3,1
5.4,3,1,8,3,0
5.43,8,2,8,2,1
9.47,3,4,8,4,1
5.96,7,4,6,5,0
6.62,7,5,9,0,1
6.13,7,3,3,1,1
6.77,7,4,6,0,1
5.35,2,3,5,2,0
7.6,10,1,8,3,1
5.34,3,2,4,5,0
9.0,10,2,4,3,0
6.17,9,4,10,0,1
7.7,3,4,10,5,1
9.4,2,1,5,1,0
8.25,9,5,6,2,1
7.66,10,5,4,1,1
6.62,9,5,2,2,1
6.67,4,3,2,1,1
8.35,9,5,3,0,0
9.97,3,2,2,4,0
8.31,7,3,1,5,1
7.79,7,1,8,2,0
8.65,8,2,5,0,1
7.33,10,2,10,3,1
5.3,4,0,1,3,0
7.81,3,1,9,1,1
9.79,3,1,8,3,1
5.88,5,0,4,4,1
8.45,1,3,8,2,1
6.0,10,5,10,1,1
7.68,3,5,7,2,0
5.48,6,5,7,2,0
7.25,3,5,1,0,0
8.78,5,5,6,3,1
6.74,9,0,4,5,1
8.32,2,1,10,2,1
8.98,2,3,10,4,0
9.64,6,2,10,4,1
6.17,6,5,2,5,1
7.0,8,0,10,3,1
5.76,2,3,7,3,0
9.96,9,3,9,1,1
9.64,2,3,5,1,0
7.7,1,0,8,1,1
9.21,10,2,5,3,1
7.6,2,5,7,2,0
8.12,7,3,7,0,1
5.45,8,0,9,5,0
8.78,5,1,3,5,0
5.64,6,0,1,5,1
9.13,1,0,2,1,1
8.91,6,0,6,0,1
8.54,8,3,10,4,1
5.18,3,0,10,3,0
6.52,1,1,9,4,1
6.32,4,3,3,1,1
6.8,1,1,10,2,0
5.44,8,4,2,1,1
9.68,5,0,1,0,0
7.77,1,5,2,1,1
6.53,8,5,3,5,1
6.98,9,3,7,2,1
7.24,10,5,2,2,0
8.0,2,3,5,3,0
7.58,9,0,2,3,0
9.6,8,2,7,5,1
7.48,7,2,10,2,1
9.96,3,1,8,5,0
9.26,2,0,8,2,1
6.04,7,5,8,0,1
9.65,5,0,10,1,1
5.58,6,4,9,3,1
9.09,4,2,1,0,1
6.9,2,5,1,1,0
9.39,9,2,10,3,1
9.34,3,0,2,5,1
9.03,7,5,6,0,1
8.95,8,1,1,4,1
6.52,2,0,5,4,1
5.4,6,1,5,3,0
7.01,8,5,4,0,1
5.87,7,2,5,1,1
8.47,3,4,1,1,0
6.73,1,3,6,0,1
9.88,6,2,7,4,1
8.2,8,1,8,0,1
9.11,6,0,2,4,0
5.66,5,5,7,4,1
9.31,8,2,6,5,1
9.61,2,4,9,5,1
7.44,1,5,8,1,1
8.03,1,1,4,3,0
8.82,4,5,9,2,1
5.87,6,5,1,0,0
7.51,9,0,6,4,1
6.99,1,3,8,0,0
5.73,1,1,4,3,0
6.84,5,0,2,3,0
5.34,10,3,2,2,0
5.13,5,0,10,2,0
5.68,5,3,1,4,1
9.82,10,3,5,5,1
7.75,6,3,6,2,1
9.83,8,0,4,5,1
7.16,3,5,4,5,1
6.56,9,3,5,4,1
7.53,1,5,5,1,0
7.2,4,1,9,5,1
5.53,9,4,8,4,0
8.2,8,5,9,2,1
6.08,10,4,3,0,0
8.1,9,3,3,2,1
8.25,1,4,1,3,0
5.76,9,4,10,2,0
5.31,3,3,6,1,1
8.9,10,5,4,4,1
7.3,9,3,8,5,1
5.29,1,1,2,3,1
9.97,1,2,2,4,0
5.29,9,0,7,4,1
8.48,6,3,5,5,1
9.92,4,3,1,2,1
6.2,7,4,7,0,1
5.71,5,1,7,3,1
5.61,10,4,10,5,1
6.52,7,5,6,1,1
5.51,8,3,4,1,0
8.46,8,3,8,0,1
5.31,1,4,2,0,1
7.55,8,3,2,2,1
9.98,6,5,2,1,1
9.07,4,2,3,3,1
8.08,8,0,6,5,1
6.53,3,0,1,0,1
8.12,4,0,2,0,1
7.64,6,2,10,0,1
7.13,7,3,2,5,0
5.65,4,4,1,3,1
9.43,4,1,3,1,0
7.25,7,3,10,3,1
5.97,6,2,7,5,0
6.84,8,5,1,3,0
7.07,1,2,7,2,1
9.14,10,0,5,5,1
8.67,7,3,9,0,1
8.85,7,0,2,1,0
5.06,7,1,1,2,1
7.08,7,5,9,2,1
7.41,10,0,8,5,1
5.1,10,1,10,4,1
6.3,8,2,6,0,1
8.8,9,0,5,1,1
5.69,9,0,8,1,0
7.68,2,4,8,1,1
6.08,7,5,5,5,1
5.06,7,5,7,0,1
6.21,4,2,1,5,0
9.88,9,4,4,1,1
9.01,8,1,2,3,1
9.8,1,1,10,3,0
7.44,2,2,3,0,0
5.55,2,5,1,1,1
7.74,8,1,2,5,1
7.27,1,2,1,4,1
9.22,4,1,8,4,1
5.49,10,3,4,4,0
7.44,5,0,3,3,0
5.75,9,5,1,5,1
6.62,7,3,2,4,0
8.69,8,2,3,1,1
7.38,9,2,3,1,0
6.88,7,3,6,4,1
6.97,5,0,10,2,0
7.3,5,0,8,4,0
8.93,10,4,6,2,1
9.46,6,1,2,0,0
9.78,5,4,2,0,0
8.93,9,0,7,1,0
6.58,3,3,1,5,1
8.44,3,1,1,3,0
7.19,7,3,7,5,1
6.27,7,4,9,1,1
9.2,6,2,5,1,1
5.19,3,3,1,5,0
9.51,7,4,5,3,1
7.31,5,4,1,1,1
8.19,7,4,10,3,1
8.3,2,2,9,1,1
9.48,6,2,4,0,0
8.18,8,2,9,2,1
8.07,1,1,2,1,0
5.33,4,2,7,2,1
7.59,1,2,2,4,0
5.75,1,2,4,1,1
8.69,10,3,6,0,1
7.56,8,2,2,3,0
8.4,7,1,2,0,1
5.21,10,4,2,2,0
5.42,1,3,3,3,0
8.58,2,0,5,0,0
5.36,4,2,9,0,0
5.36,1,4,6,0,0
5.06,3,4,9,5,0
9.78,8,3,10,3,1
8.69,8,0,5,0,0
6.77,8,5,6,0,0
6.48,6,1,10,2,0
6.75,6,5,8,0,1
8.87,5,4,3,0,1
8.31,9,5,2,4,0
5.93,4,4,3,3,0
5.87,10,5,9,4,1
5.49,7,4,6,5,1
8.3,1,4,10,2,1
8.82,9,3,4,4,0
6.33,7,0,10,5,1
5.1,10,4,3,1,1
5.41,9,1,2,3,0
9.84,7,1,4,0,0
6.48,2,2,9,4,0
8.85,6,4,4,4,1
8.12,10,4,5,0,1
6.91,4,4,8,0,0
6.03,3,5,2,2,1
5.61,2,4,3,4,1
8.08,6,4,6,4,0
8.87,8,1,7,1,1
8.22,6,0,4,5,0
7.65,9,0,1,1,1
5.21,5,2,7,4,1
9.84,2,1,9,1,0
8.99,8,4,1,4,1
6.46,9,0,1,3,1
9.9,10,3,1,2,1
8.01,4,3,10,1,1
7.91,6,3,7,4,0
8.74,10,4,9,1,1
9.06,8,4,3,5,1
8.28,9,2,8,2,1
5.64,5,2,9,3,1
6.69,6,2,3,0,1
9.64,4,5,3,0,0
6.12,5,3,1,1,0
6.86,7,4,2,4,0
7.16,9,3,7,5,1
7.2,10,2,3,2,1
8.06,6,4,7,3,1
9.72,6,1,5,3,1
6.2,8,0,10,3,0
5.61,4,0,8,0,1
5.99,3,2,5,2,0
9.43,7,3,3,0,0
8.23,5,1,9,1,1
6.43,2,4,7,3,1
9.08,2,3,5,2,0
9.31,6,2,7,3,1
9.23,8,3,10,0,1
9.59,1,2,9,0,1
6.26,6,5,5,0,0
8.78,2,0,7,3,1
7.3,2,0,9,2,1
9.21,7,3,1,2,0
8.64,10,1,4,1,1
8.88,1,4,1,3,0
8.28,6,2,8,1,0
5.89,7,4,3,5,1
7.73,8,0,2,1,1
9.92,7,1,4,1,1
9.69,6,1,3,1,0
5.22,9,4,5,0,1
5.82,3,0,8,5,1
5.66,6,4,10,1,1
8.63,4,3,8,2,0
9.09,2,1,7,1,1
6.07,1,1,8,0,0
7.53,1,3,5,4,0
9.2,10,0,10,5,1
8.66,3,1,10,4,0
7.71,4,5,6,4,0
7.95,2,5,8,5,0
7.54,1,5,1,3,0
6.49,4,2,6,2,1
7.83,7,2,6,0,0
8.44,10,0,5,5,1
9.37,6,3,4,4,1
8.18,6,4,1,0,0
8.81,9,0,10,0,1
5.8,2,4,8,3,0
7.31,4,0,6,4,0
5.05,5,2,3,1,0
6.23,1,5,3,0,1
8.63,8,3,6,4,1
9.96,8,2,7,0,1
5.5,6,3,8,3,1
7.01,5,4,5,3,1
9.0,8,0,10,1,0
6.02,3,1,6,3,1
7.78,3,1,1,4,1
8.67,2,3,6,5,1
8.08,5,5,9,3,1
5.94,3,5,10,5,1
6.78,3,3,4,1,0
8.92,6,2,10,2,1
7.77,8,1,1,0,1
5.03,2,2,9,0,0
8.8,4,4,4,4,1
5.18,7,1,2,1,0
8.73,1,4,1,1,1
6.01,1,0,3,1,0
9.79,10,2,7,0,1
6.84,7,3,10,3,1
6.63,7,1,2,0,1
5.74,1,2,9,0,0
6.53,1,3,2,0,1
9.38,4,0,5,3,1
9.98,5,1,8,2,0
6.84,5,4,10,4,0
7.24,4,0,8,2,0
8.61,8,5,3,2,1
9.43,7,3,2,0,0
7.97,9,1,9,2,1
6.96,7,1,3,0,0
7.06,10,0,8,0,1
8.48,1,1,2,4,1
5.02,7,3,3,1,0
8.1,1,0,1,0,0
6.78,7,4,6,2,0
8.97,10,0,7,4,1
5.46,8,0,4,5,0
7.94,9,4,1,5,1
7.4,3,5,3,5,0
8.21,4,3,9,2,1
5.32,4,5,5,1,1
7.9,9,5,6,3,1
7.81,7,5,4,1,0
7.8,3,2,1,4,1
8.02,10,5,5,1,1
8.38,5,2,5,5,1
9.02,7,4,5,1,1
6.35,8,3,6,4,0
9.13,1,5,2,4,0
7.49,2,1,1,5,0
5.39,7,4,2,2,1
5.29,2,2,10,0,1
6.67,7,3,6,3,0
8.92,9,0,5,3,1
8.54,2,3,5,5,0
8.94,7,3,6,3,1
7.59,4,5,10,1,1
7.2,2,5,7,4,1
5.74,7,2,9,4,0
6.64,5,2,7,5,0
7.17,1,5,2,4,1
5.44,5,5,6,0,1
6.1,3,1,9,4,1
7.99,7,1,7,4,0
8.68,6,4,2,1,0
9.99,8,5,3,2,1
9.67,5,0,8,3,1
8.21,2,1,9,1,0
7.11,9,2,4,1,0
8.18,8,3,9,1,1
8.93,6,4,2,3,1
5.59,10,1,5,5,0
7.05,7,3,2,1,0
9.2,9,3,1,2,1
6.92,7,1,5,5,1
7.86,3,0,2,4,1
7.94,6,0,7,2,0
5.92,7,4,8,5,0
6.81,2,0,2,4,0
6.67,3,4,7,4,1
5.13,4,2,4,1,0
5.12,10,1,1,1,0
9.16,6,3,3,3,0
6.37,1,4,1,0,1
7.59,9,0,5,2,1
6.49,5,4,8,3,0
9.7,7,5,1,3,1
6.3,9,4,9,2,1
7.15,9,0,3,5,1
9.36,1,5,5,2,1
9.21,1,5,9,4,1
5.93,3,0,5,0,0
9.01,6,5,9,5,1
7.29,2,1,10,1,0
7.41,10,3,8,0,1
5.67,1,1,7,0,0
5.4,1,1,1,1,1
8.64,5,0,4,0,0
7.48,4,0,9,5,1
7.18,1,3,10,5,1
8.65,4,4,8,5,0
8.83,3,1,4,3,1
5.79,2,5,1,3,1
8.05,9,3,10,5,1
5.68,1,1,4,1,0
8.76,7,4,3,1,1
8.28,4,5,6,2,0
9.78,5,1,5,2,0
5.34,10,2,5,5,0
5.29,5,3,2,0,0
6.41,1,0,3,0,1
6.31,6,1,6,1,1
6.23,9,5,2,0,0
9.53,2,5,4,4,1
6.25,7,3,2,3,0
6.36,6,3,9,0,0
8.8,5,5,3,0,1
7.25,4,5,10,2,1
8.88,4,5,10,4,1
5.33,6,1,6,0,1
7.44,4,5,1,3,1
5.17,5,0,10,0,0
5.31,6,5,3,1,1
9.53,5,0,8,4,1
5.7,7,1,5,0,1
7.66,9,3,8,4,1
7.06,10,0,2,0,1
6.74,7,1,7,3,1
9.5,7,5,9,3,1
5.11,4,1,7,4,1
8.32,1,5,3,5,0
9.82,8,1,7,2,1
7.8,4,3,8,2,0
9.68,1,0,1,1,1
5.26,5,3,3,5,1
7.09,8,2,5,2,1
6.3,4,5,6,4,1
8.65,8,0,3,2,0
9.91,8,3,4,1,1
6.28,3,0,5,0,1
8.27,9,2,3,2,1
5.99,3,4,4,4,1
7.83,1,5,5,4,1
7.32,2,5,2,1,1
9.86,6,1,10,1,1
8.04,10,5,9,3,1
6.75,2,5,10,3,0
5.57,6,3,8,3,0
5.76,1,5,6,0,1
6.13,1,5,10,4,1
6.25,5,2,3,3,1
9.25,10,2,2,4,1
7.81,9,0,7,1,1
7.62,8,0,8,0,1
5.57,3,5,10,1,1
9.3,3,5,1,4,1
8.61,1,1,6,5,0
5.34,3,0,7,5,0
8.54,1,3,9,3,1
7.72,8,5,3,5,1
5.41,1,3,2,1,1
7.29,5,5,5,5,1
7.42,9,3,10,2,1
5.83,7,4,1,0,1
9.73,4,3,6,4,1
9.25,9,0,9,3,1
8.35,9,5,10,1,0
7.31,2,0,9,0,1
7.06,10,3,7,3,1
8.25,10,2,7,1,1
7.73,6,2,8,5,1
5.31,4,2,10,4,0
7.56,8,5,2,2,0
9.03,7,1,6,2,1
7.3,7,4,5,5,1
5.26,10,3,5,4,1
8.93,9,1,3,0,1
6.01,5,2,3,4,0
6.29,6,3,6,5,1
5.82,1,1,10,1,1
6.65,6,0,10,0,0
8.78,2,2,7,2,1
7.6,6,1,1,5,1
6.02,9,5,3,1,1
9.39,8,0,1,5,0
9.4,9,2,10,3,1
9.35,10,4,3,3,1
6.19,8,2,5,3,1
7.26,3,5,9,2,1
9.92,8,4,3,4,1
8.86,6,4,10,0,1
5.14,6,4,10,2,1
5.33,6,3,9,1,0
7.32,3,3,1,1,1
9.55,10,4,6,3,1
7.69,1,0,9,0,0
7.49,4,4,5,3,1
5.53,10,1,10,1,1
8.28,6,4,2,1,0
9.11,10,3,5,4,1
6.9,2,3,1,4,0
8.88,7,1,9,4,1
9.82,7,1,10,3,0
6.02,4,2,10,5,0
7.62,4,0,9,0,1
6.44,1,0,6,4,1
8.96,2,0,9,2,1
7.89,9,5,3,4,1
8.17,10,3,4,3,1
8.99,8,0,6,0,1
6.98,8,2,4,4,0
9.58,9,2,1,0,1
7.67,7,0,7,2,1
5.79,9,1,5,1,0
8.48,10,2,8,0,1
8.97,2,1,9,5,1
6.58,6,3,5,4,1
9.29,3,5,8,3,1
9.53,6,2,1,5,0
6.38,3,1,1,5,1
9.92,8,0,7,3,1
5.7,4,3,6,3,1
6.01,10,4,5,3,1
5.92,6,4,5,5,1
9.47,9,0,9,0,1
8.27,2,3,1,3,1
5.76,2,3,8,1,1
7.2,7,3,2,5,0
8.08,2,3,7,5,1
5.42,2,4,6,5,0
9.41,4,1,10,2,1
9.02,9,3,2,0,0
7.53,8,1,3,0,1
9.84,2,3,4,3,0
7.09,8,2,7,5,1
9.92,4,5,8,5,1
8.34,2,2,2,3,0
8.17,10,5,8,0,1
5.83,7,2,9,3,1
9.41,6,3,7,3,1
7.14,10,1,1,3,0
5.81,5,5,6,3,1
5.06,1,4,8,3,1
7.8,2,0,5,4,0
7.64,8,5,2,4,0
8.6,1,5,5,5,1
9.45,3,4,8,5,1
5.4,2,3,2,4,1
8.66,5,2,1,0,0
5.94,4,2,4,2,0
9.29,7,1,4,0,0
9.1,5,3,9,5,1
7.7,8,4,3,4,0
8.55,4,3,4,0,1
6.57,6,3,3,2,0
7.36,4,2,2,3,0
9.11,2,4,4,1,1
7.3,1,0,8,4,1
6.79,1,5,1,4,1
7.47,8,2,8,2,1
9.14,4,4,8,3,1
6.68,5,1,3,3,1
5.87,8,5,10,1,1
8.56,7,5,10,3,1
9.13,8,2,6,2,0
5.5,8,1,4,5,1
6.2,6,2,1,3,0
5.71,10,3,1,5,1
6.74,2,4,5,5,0
7.25,6,1,8,2,1
8.74,1,5,1,4,1
8.26,1,2,2,4,1
8.1,3,5,7,4,0
6.76,3,1,8,0,1
9.21,5,5,3,4,1
7.36,1,2,8,2,0
9.9,10,2,1,1,1
8.17,6,0,9,3,1
5.63,7,5,2,4,0
8.38,10,0,2,0,1
6.63,3,0,4,5,1
8.43,4,5,10,0,1
5.35,10,1,3,2,1
5.87,10,3,4,1,0
9.28,10,2,6,4,1
6.14,10,4,7,4,0
9.19,10,0,5,0,0
6.4,3,1,2,2,0
8.21,1,5,3,0,1
8.47,8,1,10,0,1
7.56,10,1,3,1,0
6.53,10,5,5,2,1
6.06,2,4,5,1,1
5.17,1,5,4,2,0
6.52,8,4,8,4,0
8.27,7,5,6,3,0
9.69,7,0,6,5,0
9.36,4,4,1,3,1
8.83,9,0,6,2,1
8.94,6,4,3,3,1
8.32,2,4,6,0,1
6.3,1,5,10,4,1
9.54,1,4,6,5,1
8.35,9,0,2,5,1
7.8,4,5,1,5,0
5.55,5,2,3,4,0
7.24,3,0,5,3,1
7.3,4,2,4,5,1
9.32,8,1,7,5,1
7.73,4,5,4,2,1
6.9,9,1,8,0,1
9.88,9,5,7,2,1
5.55,6,5,10,3,1
7.11,2,0,9,4,0
5.21,10,2,1,4,0
8.7,7,5,5,2,1
9.59,9,2,4,1,0
6.4,6,5,6,2,1
9.29,3,2,1,1,0
6.46,7,1,6,2,1
9.55,5,0,1,1,0
8.77,1,5,1,1,0
9.02,3,3,8,5,0
5.09,5,2,2,5,0
9.81,7,2,10,1,1
8.63,3,3,6,1,1
6.52,6,0,6,0,1
9.15,5,2,6,1,1
6.41,1,0,8,5,0
9.36,10,2,4,1,1
5.56,6,4,3,4,1
8.52,8,2,6,0,1
7.7,1,4,4,1,1
5.48,2,5,2,5,0
6.21,4,0,6,5,0
5.06,2,2,10,3,1
7.34,9,1,5,5,0
6.51,10,1,9,0,1
7.99,8,3,6,5,0
6.49,8,1,3,4,0
6.5,4,4,5,2,1
8.72,5,1,10,4,0
5.24,4,1,8,4,1
9.51,9,1,9,0,1
9.26,2,2,8,0,1
8.34,8,3,3,3,1
7.97,2,0,9,5,0
9.46,1,3,3,3,1
5.93,10,4,8,0,1
5.39,3,2,10,5,1
6.2,9,5,9,0,1
8.97,3,2,7,0,0
5.17,9,1,4,2,0
7.91,7,1,10,4,1
9.98,10,4,9,3,1
9.28,1,5,3,3,1
7.61,10,2,3,1,1
5.32,5,5,2,2,1
9.16,9,0,10,0,1
7.99,3,3,3,0,0
5.57,9,2,1,2,0
5.47,5,5,4,5,0
9.55,9,0,8,3,0
8.35,10,0,5,0,0
9.15,6,3,2,1,1
9.39,9,0,3,3,0
7.86,7,4,1,4,0
7.59,7,0,2,2,0
7.15,8,5,1,3,1
6.58,7,4,2,4,1
7.17,9,0,3,1,0
8.87,9,1,1,5,1
8.01,6,0,9,2,1
9.46,7,4,10,5,1
7.22,2,0,5,0,1
8.04,9,0,8,5,1
8.16,1,0,5,0,1
7.96,1,4,8,4,1
8.51,3,0,7,3,1
6.19,6,3,4,1,1
7.56,5,5,7,4,1
5.52,2,3,6,1,0
6.92,9,4,3,5,1
7.44,10,1,9,1,1
8.26,4,3,10,5,1
9.75,4,5,9,1,1
8.0,5,2,5,2,1
8.72,8,5,8,4,1
7.53,10,3,7,2,1
8.17,4,2,9,3,1
5.35,5,4,7,3,0
6.27,4,5,4,0,1
6.81,6,1,4,0,1
7.36,3,2,8,0,1
5.23,8,2,6,3,0
5.7,6,5,9,1,1
6.38,10,3,10,5,1
9.86,5,2,7,1,1
6.66,2,4,7,4,0
7.41,10,5,4,3,1
5.98,10,4,3,5,1
8.05,7,5,8,5,1
6.4,2,4,7,5,0
6.03,1,3,4,0,1
7.58,7,5,4,5,1
5.03,5,1,1,5,1
5.04,1,3,7,3,0
6.1,4,4,1,1,1
5.18,4,5,10,1,1
5.54,10,3,10,2,1
6.69,7,4,4,2,1
9.01,9,0,3,4,1
7.86,2,0,3,3,1
7.56,1,2,1,2,0
6.47,2,1,4,2,0
9.66,7,0,1,3,1
6.99,10,4,8,1,1
5.44,6,3,1,4,1
8.09,4,5,6,4,1
5.57,1,3,7,4,1
6.73,1,2,10,2,1
7.54,5,3,2,1,0
9.37,1,0,4,4,0
7.47,7,3,3,3,1
8.51,1,0,9,4,1
9.96,1,0,7,0,1
5.66,2,1,2,1,0
6.37,10,2,6,0,0
6.97,3,4,9,1,1
7.11,1,0,3,5,0
7.06,9,5,6,3,1
9.54,10,2,3,5,0
8.57,8,4,3,2,0
8.04,5,5,4,2,0
6.55,2,3,9,5,1
9.12,5,2,8,1,1
9.78,6,5,1,4,0
9.11,1,2,1,0,0
5.01,4,2,7,3,0
8.18,9,3,3,4,1
5.26,2,3,7,2,1
6.29,5,2,9,4,1
5.3,1,5,3,5,1
8.02,4,1,3,5,1
8.43,4,0,2,0,1
5.57,6,3,10,2,0
6.92,10,1,1,1,0
7.28,9,3,9,3,1
6.85,3,2,6,5,1
5.61,9,1,6,3,0
7.09,6,5,8,2,1
8.76,7,5,5,1,1
5.36,10,4,9,5,1
5.4,2,0,5,0,0
6.77,10,0,2,3,1
9.71,6,3,6,2,1
8.34,6,0,9,3,1
8.39,2,4,3,1,1
6.81,2,5,10,0,0
7.97,2,1,4,1,0
5.05,10,1,10,5,1
8.18,1,5,8,4,0
9.57,5,2,6,1,1
8.06,8,5,7,1,1
9.37,2,1,7,3,1
8.62,5,3,4,1,0
5.6,8,4,6,2,1
9.51,10,5,9,5,1
5.33,5,2,3,3,1
7.67,2,3,8,3,1
5.71,3,5,7,4,1
5.06,6,3,4,5,0
7.11,5,5,10,2,1
6.48,4,3,3,5,0
7.43,4,0,7,1,1
7.89,5,3,10,4,1
5.22,2,0,9,2,1
5.62,9,1,10,4,0
7.79,2,0,3,5,0
6.72,10,3,10,0,0
8.65,2,4,9,5,1
8.26,10,4,8,1,1
9.23,9,1,3,4,1
8.46,3,3,8,0,0
7.15,10,0,4,1,0
8.36,7,4,6,4,1
6.38,4,5,10,4,0
6.53,6,2,2,5,0
8.94,4,3,8,4,1
7.23,10,5,9,4,1
8.99,7,5,7,3,1
9.11,1,3,8,4,1
9.29,3,2,7,5,0
9.58,3,4,10,3,1
7.15,1,2,4,3,0
6.59,6,1,1,0,0
7.91,9,0,3,1,0
6.86,8,0,7,3,1
8.01,7,5,7,2,1
8.53,10,4,3,3,1
8.44,8,2,1,2,1
6.87,6,5,10,0,0
5.83,9,3,9,2,1
7.15,3,5,6,0,1
5.71,10,3,7,0,1
9.45,10,3,1,0,1
6.73,9,1,1,2,0
5.77,4,1,4,2,0
5.13,7,3,7,0,0
8.23,9,4,8,0,1
8.18,2,1,10,1,0
6.7,2,1,9,0,0
5.36,9,0,1,4,0
7.05,3,5,4,1,0
6.56,9,0,4,1,0
8.39,5,4,3,1,0
8.03,6,1,7,4,1
6.82,2,1,1,1,0
6.09,8,2,9,1,1
9.94,9,4,8,2,1
7.27,2,5,2,5,0
8.44,6,5,2,2,0
5.7,6,5,8,0,1
7.43,8,4,1,0,1
5.14,10,2,7,3,1
7.53,5,2,9,5,1
9.82,9,0,3,4,1
6.92,1,4,7,2,1
5.19,9,4,6,0,0
5.15,10,2,7,4,1
6.94,7,3,7,1,1
5.8,4,3,10,4,0
5.12,3,0,1,2,1
8.78,10,3,3,5,1
7.29,6,3,10,3,0
6.45,1,3,1,2,0
9.5,3,1,5,5,1
5.58,2,0,3,0,1
9.78,9,2,1,0,0
6.57,3,3,2,4,1
9.44,2,5,10,2,0
8.01,4,1,5,0,1
9.13,2,3,3,1,0
9.92,1,1,6,1,1
6.44,6,0,9,3,1
9.81,10,5,6,4,1
6.95,8,5,2,0,1
6.93,10,5,2,3,0
6.7,10,3,8,1,0
7.71,2,1,8,3,0
5.77,9,5,6,3,1
7.77,3,4,10,0,0
7.71,8,4,7,0,1
8.81,8,1,1,0,0
9.17,3,3,9,4,1
7.2,3,3,5,3,1
6.51,6,0,9,3,0
6.3,1,0,2,4,1
5.97,4,5,8,1,1
5.29,1,2,7,2,0
6.71,3,0,4,1,1
6.35,9,3,3,4,1
9.83,5,2,4,3,0
7.79,5,0,4,3,1
6.74,4,1,10,0,1
7.9,3,4,10,0,1
5.7,5,0,8,3,1
7.22,4,0,4,3,0
8.13,8,1,5,5,1
7.44,4,3,2,0,0
7.01,8,5,4,0,1
9.97,6,1,7,1,1
9.4,5,5,3,3,1
8.12,4,0,1,3,1
7.85,4,3,8,4,1
8.1,4,2,8,1,1
6.01,9,0,6,2,1
6.98,4,1,7,2,0
5.2,9,2,10,2,1
7.38,10,4,2,5,1
7.72,6,2,5,0,1
6.14,10,1,7,2,0
9.82,7,2,9,4,1
9.55,10,1,1,0,1
8.61,3,0,3,0,0
7.67,8,3,6,2,1
9.35,3,4,7,0,1
5.65,1,3,6,1,1
8.95,10,3,1,1,1
5.62,5,3,4,2,0
8.97,2,1,6,4,1
6.38,10,1,8,0,1
9.39,6,4,10,3,1
9.72,10,1,4,2,0
5.74,9,5,7,5,1
7.31,1,1,3,0,0
9.9,4,1,8,2,1
7.42,1,1,1,2,0
9.32,1,0,4,4,1
7.94,8,4,8,3,1
6.88,2,5,10,0,1
6.43,1,1,4,2,1
6.02,8,4,2,2,0
8.81,4,2,2,0,1
6.93,3,0,4,2,0
7.56,4,1,4,2,1
7.46,5,5,2,2,1
7.89,1,0,7,1,0
9.33,1,5,6,1,1
9.9,3,0,3,3,0
7.04,6,2,8,4,1
9.14,1,4,8,0,1
8.82,2,0,1,4,1
7.87,7,3,3,4,1
9.78,1,2,5,1,1
6.0,7,3,2,3,1
5.55,4,2,5,4,0
9.27,10,3,10,4,1
7.2,6,3,3,2,1
9.23,8,5,9,0,0
9.47,9,0,1,3,1
5.31,6,0,4,0,1
9.42,9,2,10,1,0
7.24,4,4,6,4,1
7.55,6,5,9,4,0
8.13,8,0,3,5,0
9.63,9,0,3,0,0
5.1,3,5,5,1,1
7.38,2,1,7,5,0
8.44,6,5,5,5,1
8.61,4,0,8,2,0
8.46,1,4,5,5,1
5.67,8,1,7,5,1
6.5,9,3,6,2,1
6.79,9,5,10,4,1
9.02,2,3,2,4,1
6.39,9,1,3,3,1
6.05,7,1,4,5,1
9.79,5,1,5,0,1
5.04,7,2,9,4,1
9.99,9,5,6,1,1
8.38,8,4,1,0,0
9.14,6,4,3,3,1
6.47,4,3,7,5,1
5.07,1,3,8,2,0
8.69,6,3,7,3,0
9.17,3,5,5,0,1
8.7,6,0,10,2,1
5.71,6,3,8,1,1
8.77,4,1,9,2,0
8.84,2,3,7,2,1
8.29,9,1,9,1,1
8.83,2,2,1,4,0
9.23,3,0,9,4,0
8.07,10,0,3,2,1
5.44,1,5,6,2,1
7.44,7,5,8,3,1
5.39,1,4,3,4,1
7.04,9,2,4,1,1
7.04,1,5,7,5,1
5.33,5,1,7,5,0
6.74,7,2,4,2,1
5.55,3,0,9,2,1
9.04,9,1,3,5,1
9.74,8,2,8,3,1
5.36,3,0,8,3,1
9.78,5,5,4,3,0
7.61,7,1,7,0,1
6.5,4,1,4,1,1
5.38,5,0,1,0,0
7.5,3,1,1,2,0
8.97,9,5,1,3,1
8.54,10,5,2,3,1
5.25,9,5,6,5,1
5.36,7,0,10,5,0
7.01,10,3,5,3,0
6.48,2,3,2,4,0
6.16,7,1,8,5,1
6.41,7,5,9,1,1
9.02,5,1,7,0,0
9.65,9,0,9,1,1
7.03,3,1,4,5,0
9.53,4,4,7,3,1
6.61,1,3,5,2,1
7.38,6,1,5,4,1
6.13,4,1,3,5,0
8.2,1,2,9,1,0
9.89,2,1,10,2,0
8.02,3,4,5,5,1
6.79,9,3,6,3,1
8.24,8,2,3,3,1
5.61,7,0,10,3,1
9.44,4,0,7,3,1
7.52,1,3,9,5,1
7.25,8,0,9,4,0
7.93,4,4,10,4,1
8.12,3,1,10,1,1
5.36,9,3,5,5,1
8.41,10,2,7,3,1
6.21,4,1,3,4,0
8.57,4,0,6,5,1
9.11,9,0,8,2,1
9.02,2,2,8,4,0
7.76,5,4,2,4,0
7.6,4,2,6,1,1
5.71,9,3,7,4,1
8.88,5,2,7,2,0
6.36,9,0,3,3,1
7.48,9,4,9,0,1
6.42,2,4,2,1,1
5.67,9,5,3,2,0
8.15,3,2,2,1,0
5.27,4,3,9,5,0
8.74,1,0,4,3,1
6.59,1,1,2,4,1
5.0,1,4,3,5,0
7.56,9,2,4,4,0
5.23,8,5,10,2,1
6.38,5,3,6,3,1
8.53,5,3,5,0,1
5.31,9,0,3,0,1
9.2,3,4,10,4,0
5.02,3,0,8,5,0
6.23,7,5,8,3,1
8.7,9,1,7,3,1
6.58,6,1,3,2,0
5.51,2,1,1,5,0
6.8,1,3,5,0,1
6.35,2,4,1,2,0
9.21,1,0,6,1,0
6.57,10,0,7,3,0
8.94,10,5,5,0,1
9.46,9,1,4,2,1
7.17,10,4,2,4,1
9.55,8,4,5,1,0
6.89,7,5,9,2,1
9.82,3,2,4,4,0
5.45,8,4,2,0,1
8.44,2,4,6,0,0
7.47,2,0,8,1,0
6.94,10,5,2,4,1
8.16,3,4,9,3,0
8.52,7,4,7,0,1
5.02,1,0,2,5,0
5.83,8,4,5,3,1
8.57,7,0,5,3,1
8.33,4,2,7,2,1
9.83,5,3,5,2,1
8.81,10,0,6,0,0
9.75,1,0,9,3,1
8.51,4,4,3,2,1
6.49,1,0,3,4,1
5.53,1,5,8,4,0
8.91,10,1,10,4,1
8.22,1,1,6,4,0
5.24,7,2,10,3,1
6.8,7,0,3,4,1
9.78,4,5,2,3,1
7.5,2,4,2,0,0
7.16,3,4,2,0,1
7.29,8,3,5,4,1
6.04,8,2,5,4,1
6.84,6,5,1,4,1
6.85,10,5,2,0,1
5.26,9,4,2,2,0
8.84,9,3,4,0,1
7.08,4,4,7,4,1
9.11,1,3,3,2,1
9.25,1,1,5,2,1
6.06,10,5,9,1,1
8.29,5,1,5,3,0
7.36,2,4,9,4,1
9.4,6,2,1,3,1
6.08,7,0,9,1,1
8.39,1,2,5,3,0
8.04,6,2,8,4,1
6.48,8,0,5,1,1
5.68,5,5,6,3,1
8.26,7,1,8,0,1
8.69,10,1,2,2,0
6.58,6,5,3,1,1
8.22,4,0,9,0,1
6.98,7,3,5,4,1
8.57,10,2,5,2,1
6.0,9,4,9,1,1
9.45,10,1,10,2,1
6.44,10,5,3,5,0
6.84,7,4,4,5,1
5.29,5,0,7,1,0
5.56,7,4,2,1,1
7.58,3,4,8,3,1
6.34,2,2,5,2,1
9.18,5,0,1,5,0
5.07,4,4,3,5,1
6.9,5,1,9,2,0
6.69,8,0,5,5,1
5.1,4,1,8,0,0
5.62,9,5,1,5,1
7.07,7,5,7,5,1
7.46,10,3,7,4,1
7.02,7,5,8,0,1
7.65,8,4,3,3,1
7.98,6,0,1,1,0
5.05,8,5,9,5,0
7.32,3,1,1,3,0
9.82,10,4,6,3,1
7.6,10,5,9,0,1
8.39,1,2,2,1,0
6.56,6,1,4,4,1
8.87,1,1,2,3,0
8.86,9,3,4,4,1
7.61,2,2,2,1,1
9.88,2,3,1,1,1
5.63,7,5,3,0,1
5.08,2,2,8,2,1
8.85,10,1,5,5,1
9.04,8,3,4,0,1
5.6,6,4,5,4,0
6.33,7,2,6,0,0
5.09,7,1,6,1,0
6.47,6,0,5,3,1
8.87,10,2,6,5,1
7.59,9,2,9,5,0
6.74,9,5,5,2,1
6.86,7,4,6,1,0
5.01,9,5,4,5,0
6.5,10,2,3,5,0
8.23,3,2,6,3,1
9.87,3,4,5,4,1
9.24,1,4,4,4,1
5.12,5,3,5,4,0
9.49,4,1,7,0,1
8.92,2,1,1,4,1
8.9,9,3,1,4,1
7.29,3,1,1,0,0
6.99,8,2,2,3,0
6.51,6,3,9,1,1
5.33,5,3,5,5,1
6.14,1,1,9,2,1
6.23,4,0,5,5,1
7.42,3,1,7,4,1
8.74,1,5,6,4,1
7.37,5,0,2,5,1
5.29,6,3,3,5,0
9.79,2,0,5,4,0
9.71,3,2,4,0,1
8.93,6,4,6,0,1
9.96,4,0,8,0,1
7.72,9,5,8,2,1
9.81,5,4,3,1,0
5.38,4,2,4,4,1
6.83,2,5,1,3,0
6.13,6,4,2,5,0
5.98,10,2,9,5,1
5.7,2,4,10,4,0
8.11,7,4,10,4,1
8.91,3,1,2,4,1
7.89,9,5,6,5,1
5.73,5,5,7,4,0
9.06,8,0,6,5,1
8.18,6,5,8,1,1
6.94,10,5,9,3,1
8.37,8,4,8,0,1
6.3,3,3,5,3,1
6.73,3,1,8,4,0
9.59,5,0,10,3,1
6.45,10,1,10,4,1
7.35,3,0,9,3,0
9.45,8,2,8,2,0
8.54,10,4,2,3,0
5.31,8,5,2,0,0
5.74,2,5,3,0,0
5.04,4,3,7,3,1
8.15,10,1,9,5,1
7.24,1,1,8,5,1
5.67,4,1,9,5,1
9.79,4,5,6,3,1
7.65,10,1,1,5,1
6.21,9,4,4,1,1
7.5,3,0,6,3,0
8.4,2,5,6,0,1
5.38,9,4,8,5,1
6.37,9,2,1,2,0
9.03,1,4,2,5,0
7.3,6,4,2,0,1
7.73,10,2,6,1,0
7.16,8,4,7,3,1
5.22,3,0,2,5,0
5.83,9,5,5,2,1
7.23,2,3,6,0,0
6.05,6,2,4,2,1
5.25,1,5,1,4,1
9.22,7,1,3,0,1
9.91,3,0,10,4,0
8.97,7,3,9,2,0
9.27,4,0,6,3,1
6.21,9,0,2,3,1
9.8,5,1,9,3,1
5.98,3,3,4,4,1
9.76,8,0,8,3,1
9.97,6,1,10,1,1
8.56,2,2,7,0,1
9.91,3,1,3,0,1
7.85,8,4,8,2,1
6.3,10,5,4,5,1
7.18,7,1,2,4,1
7.97,10,1,5,0,1
5.37,6,1,1,4,1
8.11,1,0,8,2,0
9.91,9,3,8,3,1
5.95,3,1,3,5,0
8.96,5,1,1,2,0
9.54,7,4,4,1,1
9.72,7,4,9,3,0
9.8,3,2,9,3,1
7.61,4,2,1,3,1
9.89,10,4,7,2,1
8.79,7,3,6,1,1
5.81,8,2,7,5,1
7.38,2,5,7,4,0
8.59,9,5,8,2,1
6.24,7,3,8,0,1
8.2,8,4,10,0,1
8.33,6,2,2,2,1
5.81,6,1,4,4,0
7.83,9,4,4,0,1
8.86,4,2,10,4,0
7.49,5,3,8,3,1
5.06,9,5,3,2,0
5.05,1,3,3,3,0
6.79,4,2,2,0,0
9.63,7,3,1,4,0
6.14,9,2,8,3,0
8.17,10,2,9,0,1
6.11,6,3,9,1,1
6.61,8,0,8,3,0
9.24,9,1,5,1,0
8.64,10,4,1,1,1
5.48,4,5,9,5,0
7.14,1,1,6,0,0
5.15,8,4,7,2,1
7.4,2,4,8,4,0
8.31,1,5,5,0,1
5.59,7,1,6,5,1
6.44,10,5,7,5,1
6.99,9,2,7,3,0
9.6,9,5,2,4,1
9.97,3,3,1,5,0
5.22,6,0,8,2,1
8.81,7,0,5,0,0
6.86,10,0,10,2,1
6.96,9,1,2,3,1
8.77,2,1,3,0,0
9.59,8,2,6,3,1
9.75,7,0,10,4,1
7.89,4,2,6,4,1
6.79,2,0,8,2,1
8.94,8,1,5,2,1
6.26,5,3,5,4,0
7.82,6,3,7,1,1
6.79,7,3,10,4,1
8.28,10,5,5,0,1
6.2,1,3,9,3,0
5.96,8,4,6,4,1
9.59,4,0,7,4,0
5.51,9,3,8,5,1
7.53,1,4,5,3,1
6.1,2,4,4,5,1
5.19,6,4,8,3,1
5.18,10,2,10,0,1
5.88,1,2,9,3,0
9.33,4,4,1,2,0
6.41,8,5,3,4,0
9.75,10,3,4,3,1
7.91,5,0,7,0,1
7.18,9,5,6,3,0
7.9,6,1,10,4,1
7.58,1,2,10,1,1
8.79,6,3,1,3,0
6.41,6,3,4,2,0
6.77,6,1,6,4,1
9.47,8,1,3,0,1
9.73,6,3,2,4,1
9.46,5,1,2,5,0
7.1,2,3,10,1,0
8.9,4,5,4,0,1
7.38,10,1,1,1,0
7.49,5,5,10,1,1
6.02,10,5,2,2,1
7.96,4,1,10,3,0
5.93,2,3,2,2,0
6.66,7,4,4,2,1
9.28,10,3,4,5,0
6.04,10,0,1,2,1
5.36,2,1,7,0,0
5.35,1,2,7,3,1
9.7,5,1,10,3,0
7.53,1,0,10,0,0
7.05,1,5,10,2,1
9.05,1,2,1,2,1
9.18,6,2,8,1,1
6.66,9,3,10,1,1
8.47,10,4,7,5,0
8.86,1,3,7,4,0
8.27,5,2,6,1,1
5.76,9,2,4,3,1
9.38,9,4,8,0,0
7.7,1,1,2,2,1
6.41,8,4,7,4,1
7.13,1,5,3,1,1
5.19,8,3,3,4,1
5.64,1,1,7,0,1
8.83,5,3,3,0,0
5.0,8,4,5,4,0
7.08,6,1,8,4,1
7.61,9,4,4,5,1
5.27,1,5,7,4,1
9.87,9,0,7,2,0
6.13,1,2,2,3,1
6.52,10,1,8,1,0
6.52,10,2,10,1,0
6.15,3,0,10,1,0
5.01,1,1,9,4,1
8.65,3,2,6,4,0
9.83,2,2,5,5,1
6.12,2,1,1,4,0
8.32,9,2,1,5,1
8.71,8,2,9,5,1
9.24,1,1,4,2,0
7.11,4,2,1,2,0
6.51,1,2,10,2,1
6.63,1,3,3,2,1
8.56,4,5,6,0,0
9.08,2,3,8,2,1
5.91,3,0,10,2,1
6.85,9,3,2,2,1
9.51,2,3,8,5,0
9.03,4,0,1,1,1
9.92,1,2,2,1,0
8.77,2,2,8,1,0
6.97,5,3,7,3,1
7.95,10,0,5,0,1
8.31,1,2,10,5,1
5.39,7,4,2,4,1
7.72,4,1,9,5,0
8.55,6,1,5,2,1
5.84,8,5,8,1,1
8.9,6,1,4,5,1
7.92,2,3,9,0,1
9.76,1,1,10,2,1
5.21,8,1,7,3,1
6.33,8,4,2,4,1
8.01,9,2,3,2,1
6.48,6,4,2,4,0
8.57,1,3,5,5,0
8.8,9,1,2,2,1
5.51,3,2,5,3,0
7.57,6,5,9,5,0
7.54,10,5,2,0,1
6.85,10,1,9,4,1
9.66,9,1,7,4,1
9.14,3,5,7,0,1
8.49,5,5,5,4,1
8.57,5,3,8,5,1
7.31,10,1,7,1,1
9.6,7,5,6,0,0
8.47,4,0,2,3,0
8.64,4,5,6,2,1
9.31,7,2,2,2,1
6.37,9,2,1,0,1
9.04,4,0,9,1,1
5.98,4,3,5,5,1
6.73,6,1,10,3,1
6.68,6,1,10,2,1
9.89,7,5,4,2,1
9.28,1,2,8,5,0
8.51,3,3,5,1,1
8.64,9,3,7,4,0
7.81,6,3,3,0,0
9.74,6,5,8,1,1
7.48,5,1,8,1,0
6.9,3,3,3,1,0
5.82,5,5,9,1,0
8.93,1,5,8,4,1
8.67,3,0,1,5,1
6.92,4,4,8,3,1
5.13,5,3,4,1,0
9.19,10,4,6,1,1
5.06,9,1,10,0,1
8.52,4,5,9,2,1
9.85,3,3,5,4,0
7.19,10,2,7,1,0
6.17,1,1,1,3,1
8.52,10,0,9,3,0
9.09,6,0,6,3,1
7.73,7,4,4,0,1
9.84,10,5,6,3,1
5.26,8,4,5,5,0
7.52,1,2,3,0,0
8.59,4,2,7,4,1
9.31,5,0,3,3,1
5.9,2,3,2,2,0
9.0,1,0,4,1,0
7.76,8,0,7,4,1
6.98,6,2,5,5,1
5.66,5,4,9,2,1
9.33,9,2,10,4,1
5.79,2,5,7,5,0
6.55,10,2,9,3,1
6.45,8,2,9,4,0
9.36,10,0,2,4,0
8.36,9,3,1,4,1
8.98,1,0,4,0,1
6.25,7,1,4,2,0
8.12,8,2,2,5,1
7.86,3,2,3,3,1
9.16,4,1,3,1,0
9.53,3,2,5,3,0
5.06,7,2,1,3,0
8.37,9,5,9,0,1
5.26,3,2,8,0,1
7.74,6,1,8,4,1
6.44,8,0,3,3,1
6.53,6,2,2,2,1
6.76,2,3,1,0,1
8.11,7,1,6,5,0
6.67,2,4,10,0,1
8.66,2,5,1,2,1
7.02,2,1,5,0,1
5.34,1,0,9,2,1
8.92,1,1,9,1,0
6.43,7,4,4,2,1
7.16,5,5,7,1,0
8.43,3,3,7,5,0
6.66,1,4,4,4,1
5.28,10,1,5,4,1
6.87,6,4,9,0,1
9.72,1,1,7,2,0
8.21,9,3,7,0,1
8.36,2,3,10,2,1
8.16,1,0,7,0,0
5.99,7,3,9,4,1
7.09,6,2,5,5,1
8.75,6,4,6,4,1
5.51,5,4,3,0,0
6.39,4,1,1,2,0
6.38,4,3,2,3,1
7.16,3,0,8,5,1
9.9,10,0,1,2,1
5.34,8,0,10,0,1
7.59,7,5,7,2,1
5.9,9,2,5,1,0
9.85,1,3,6,2,1
5.57,7,0,8,4,0
7.02,10,2,4,4,1
8.69,4,4,6,1,1
8.52,7,1,3,5,0
7.11,1,3,7,2,1
6.73,5,3,2,5,0
6.99,3,5,8,3,1
6.32,5,4,7,2,1
6.03,4,3,8,4,1
7.42,2,5,2,4,0
6.34,4,5,3,5,0
6.44,3,5,4,0,1
8.28,1,3,9,4,1
9.84,10,3,5,0,1
8.02,8,3,6,4,0
5.38,5,2,1,4,0
5.38,4,5,4,3,0
9.76,10,2,4,0,1
6.49,5,1,10,0,0
5.46,4,3,8,4,1
8.0,3,4,8,0,0
8.12,5,0,10,4,0
8.24,4,1,6,4,1
6.34,1,0,8,5,0
5.08,3,0,9,2,0
9.83,10,3,5,0,1
6.25,10,4,1,1,1
8.38,8,0,1,5,0
8.53,7,5,2,0,0
8.05,2,0,2,0,1
6.56,1,1,5,3,1
6.36,3,4,7,1,1
7.99,5,4,7,1,1
9.33,10,0,4,3,1
9.73,1,4,4,3,1
5.53,3,1,10,0,1
5.77,3,1,3,2,0
9.72,5,1,2,3,0
8.68,3,5,3,1,0
9.41,9,3,8,1,0
6.01,1,0,1,0,0
7.94,4,4,4,2,0
8.51,10,1,7,4,1
8.4,10,0,5,3,1
7.04,4,0,2,3,1
5.08,1,3,1,0,0
7.91,2,5,6,5,0
6.27,1,4,5,5,1
7.25,6,5,3,2,1
9.79,3,4,9,1,1
7.0,7,1,3,1,0
9.2,5,1,2,4,1
5.94,9,0,5,1,0
8.36,7,4,9,5,1
9.89,4,4,8,5,1
5.51,5,5,6,3,1
5.04,5,1,3,4,0
7.17,5,2,6,2,0
5.46,10,0,5,4,0
8.74,9,4,1,2,0
9.57,10,3,5,5,1
7.17,3,3,7,1,1
6.29,6,2,9,0,1
7.17,8,1,1,4,0
8.62,9,1,3,4,1
5.05,7,1,8,3,0
7.95,3,5,6,3,0
8.07,1,3,5,5,1
8.19,4,1,10,2,1
6.21,6,3,2,0,1
8.57,3,2,3,3,1
5.46,1,0,2,3,0
6.0,6,5,1,1,1
9.39,1,4,7,1,1
8.69,9,2,3,5,1
5.07,1,3,7,5,1
6.24,6,2,7,3,1
6.07,1,4,8,2,0
6.35,7,5,1,0,1
6.24,3,0,5,3,0
5.31,6,4,10,2,1
7.29,7,5,9,2,0
8.66,1,3,7,3,1
8.03,1,4,1,2,0
8.36,5,2,8,4,1
5.41,6,1,3,2,1
9.76,9,2,4,3,1
9.19,1,3,4,2,1
9.03,4,0,10,3,1
9.11,10,4,8,1,1
9.66,8,0,1,3,1
7.72,10,3,8,2,0
6.0,9,4,9,3,1
8.08,3,5,9,0,1
8.71,2,5,5,3,0
8.69,4,2,4,3,1
7.61,2,2,4,0,1
5.34,1,3,9,0,1
6.86,3,5,8,0,1
9.6,7,4,10,5,1
7.92,1,5,10,4,1
7.69,2,2,7,5,0
6.34,1,3,3,3,1
6.84,8,5,4,5,0
9.48,5,3,9,5,1
8.33,8,5,8,0,1
8.94,3,0,1,0,0
7.27,7,5,3,1,1
8.15,8,2,10,5,1
6.24,6,4,2,4,1
8.53,7,2,2,3,0
7.14,2,2,8,2,1
7.21,8,2,6,4,1
8.25,5,3,6,4,1
9.68,7,1,4,1,0
5.32,1,1,1,3,0
9.12,5,0,7,3,1
6.46,1,2,8,0,0
7.22,8,1,2,0,1
5.11,4,0,2,4,1
6.51,4,3,1,1,0
7.51,2,2,4,3,1
5.28,5,4,6,1,1
7.46,1,3,5,2,0
9.64,9,0,4,3,1
5.53,5,3,4,0,0
8.82,6,4,10,4,1
7.05,2,3,7,1,1
8.28,10,0,7,0,1
6.3,10,4,2,4,1
5.8,1,4,7,0,1
5.8,4,3,2,3,0
5.35,7,4,4,1,0
5.93,6,3,1,2,1
8.32,10,2,5,5,1
9.41,1,4,1,0,0
9.07,1,3,4,5,1
8.43,8,2,9,1,1
5.55,4,4,8,3,1
6.45,5,2,6,0,1
6.55,7,5,8,3,1
6.25,8,4,5,2,1
7.58,10,5,7,2,1
7.68,7,0,8,4,1
6.78,2,0,7,4,1
6.77,4,3,4,4,1
9.14,10,1,5,3,1
8.95,1,5,10,4,1
6.54,10,5,6,1,1
9.57,9,0,6,5,1
9.76,3,5,9,5,1
6.63,3,1,10,3,1
6.77,10,2,2,3,1
7.53,9,2,6,4,1
9.71,10,1,3,5,0
9.38,3,5,2,5,1
5.51,8,5,6,4,1
6.96,2,5,4,3,0
7.77,3,3,5,2,1
7.52,2,4,5,2,0
5.97,1,1,3,4,1
9.29,2,1,4,2,0
8.38,8,1,3,1,1
9.19,9,1,7,1,1
9.29,2,1,1,1,0
8.74,7,5,6,3,1
7.2,5,3,4,3,1
8.05,3,0,1,3,0
5.8,9,5,1,3,1
8.37,6,5,5,3,0
5.9,1,4,5,4,1
8.47,5,0,10,2,1
6.15,7,1,7,4,0
5.59,4,0,4,2,1
5.83,8,3,9,4,1
5.01,10,2,4,1,1
8.59,5,5,7,0,1
8.66,9,0,5,3,1
7.57,9,4,5,0,0
5.81,9,3,6,0,0
5.42,1,2,8,1,0
5.1,2,3,5,0,1
5.83,3,1,3,0,1
9.45,4,2,6,1,0
6.21,10,4,2,2,0
6.77,9,2,8,4,1
5.53,10,4,8,5,1
6.11,6,1,3,0,1
7.6,1,4,8,3,0
8.04,9,3,9,1,0
6.23,6,0,5,0,1
5.29,4,3,5,5,1
6.96,4,5,6,2,1
6.17,3,3,7,2,0
6.1,7,2,3,5,0
9.8,3,1,5,3,1
8.08,2,5,1,0,0
7.78,10,5,10,3,1
7.08,8,5,5,2,0
7.14,4,0,4,2,0
7.7,8,4,1,4,1
8.48,1,2,7,2,0
8.51,5,1,1,1,1
5.86,9,0,8,4,1
7.5,1,3,10,3,1
7.06,4,1,2,2,0
9.35,6,5,10,5,1
8.16,10,1,5,1,1
7.66,8,1,6,4,1
5.58,3,3,9,1,1
8.03,5,4,7,4,1
5.59,7,2,6,4,1
6.69,1,5,5,4,1
5.71,7,4,6,5,1
8.46,8,0,4,3,1
6.03,8,5,1,4,1
6.96,9,2,9,4,0
9.48,6,0,5,1,1
6.02,6,3,8,4,1
7.54,2,4,7,3,1
7.1,3,5,8,5,0
5.09,4,1,1,5,0
8.96,4,2,9,1,1
5.35,8,5,1,4,1
7.37,1,1,3,1,0
7.8,10,5,8,5,1
8.14,4,0,1,3,0
8.44,4,1,1,1,1
6.27,1,1,6,3,0
5.05,3,5,5,2,0
8.62,5,3,6,4,1
7.68,6,3,3,3,0
9.18,9,4,10,4,1
9.11,9,0,10,3,1
9.22,9,3,6,0,1
7.43,1,5,2,0,1
6.67,9,3,8,0,1
8.96,8,4,6,3,1
7.26,2,2,4,5,1
5.92,1,4,4,5,1
9.27,1,1,7,4,1
9.41,6,1,3,0,1
7.33,9,3,3,4,0
5.38,7,3,6,3,0
6.94,5,4,9,4,1
9.02,2,4,1,4,0
9.51,1,5,5,0,1
6.02,2,0,1,5,0
5.33,1,5,1,1,1
9.39,3,1,3,2,0
6.95,6,5,3,3,1
7.71,8,4,4,3,1
9.84,3,5,3,3,1
5.33,10,2,6,2,0
8.24,9,0,4,1,0
5.37,10,4,8,5,1
6.88,5,3,1,4,0
9.02,7,5,8,5,1
7.17,8,4,1,3,0
9.99,3,3,1,4,1
7.8,2,3,7,0,0
6.61,2,1,1,5,0
6.1,5,1,9,0,0
6.75,1,4,8,0,1
6.86,2,4,1,5,0
5.34,9,2,2,3,0
6.85,7,0,2,2,0
7.32,6,0,2,3,1
8.61,9,4,6,0,1
8.28,7,1,4,0,0
8.54,5,5,8,3,1
5.04,9,2,1,2,1
6.09,6,0,10,2,1
8.31,6,4,4,4,0
7.42,4,1,10,1,1
5.03,1,1,5,0,0
9.02,5,1,9,2,1
8.86,9,5,5,5,1
7.74,8,3,3,0,1
5.33,8,5,4,1,0
8.83,5,1,10,5,1
7.92,9,4,7,0,1
8.91,3,2,1,2,1
8.76,3,5,6,4,1
9.02,1,4,8,3,1
7.59,9,1,1,5,0
5.7,6,2,8,3,0
8.36,2,0,7,2,1
8.1,8,0,1,2,1
8.71,9,4,9,5,1
5.85,9,2,3,1,1
5.97,2,4,2,5,0
9.45,2,2,7,0,0
8.75,7,2,3,1,1
9.54,4,4,1,3,0
8.79,1,2,10,0,0
7.99,8,5,3,1,1
8.27,2,1,6,3,0
9.45,3,2,3,0,1
7.89,5,5,5,4,1
8.16,3,2,9,5,1
5.78,7,5,7,5,1
7.37,7,4,2,5,1
8.58,2,0,1,4,1
6.35,7,3,7,1,0
6.01,6,2,4,2,1
6.57,10,3,7,0,0
6.21,9,2,6,1,1
6.07,9,4,7,2,1
7.12,2,4,4,5,1
9.54,7,5,3,5,1
7.54,5,2,5,5,1
5.94,6,4,3,2,1
5.38,1,4,3,0,0
8.48,7,2,4,0,1
6.91,6,5,8,2,0
9.11,4,5,2,3,0
8.3,1,5,4,5,0
8.98,9,5,3,1,1
6.36,4,0,7,0,0
8.46,2,2,2,2,1
6.32,8,0,1,3,1
9.7,2,4,10,4,1
8.18,5,0,1,2,0
6.62,6,5,6,3,1
6.35,8,4,3,4,1
5.95,1,0,7,3,0
8.47,1,0,8,0,0
6.09,4,2,5,2,0
7.98,5,0,5,4,1
6.32,9,4,2,3,1
8.31,7,5,8,4,1
9.07,7,2,10,1,1
8.89,8,0,1,2,1
8.8,5,2,10,0,0
5.94,5,3,9,4,1
5.44,1,2,1,5,1
8.49,9,5,1,3,0
6.84,6,3,1,5,0
7.16,9,3,7,4,1
5.16,3,2,4,5,0
6.3,5,4,7,3,1
5.17,2,5,5,4,1
9.4,10,4,7,0,1
6.22,5,5,10,0,0
7.79,8,5,7,2,0
5.19,2,4,4,0,1
8.33,8,1,2,4,1
6.62,4,3,8,4,1
9.49,10,2,2,0,1
9.44,10,4,9,1,1
6.63,1,4,5,4,0
9.5,5,2,9,2,1
9.98,1,3,9,1,1
9.13,7,2,8,0,0
9.22,8,5,8,3,1
6.25,3,1,4,4,1
7.88,3,5,4,3,1
5.34,7,1,2,5,0
5.47,4,2,4,2,0
9.99,3,5,4,1,1
6.63,8,3,6,3,1
8.74,3,5,3,2,0
9.03,7,4,2,3,0
9.29,2,1,8,3,1
9.99,1,1,2,2,1
6.21,6,3,8,4,0
5.2,8,1,7,3,1
7.06,1,1,3,2,1
5.65,10,3,6,3,1
5.11,9,5,6,4,1
6.8,3,2,10,2,1
8.92,3,5,5,3,1
7.83,4,4,8,0,1
6.56,1,4,5,4,1
8.27,9,1,7,3,1
6.16,3,4,6,1,0
5.07,10,2,7,2,1
8.82,4,1,9,3,0
8.12,1,4,3,4,0
8.81,4,0,10,4,1
5.19,1,0,7,1,1
9.19,5,0,10,1,1
8.1,5,0,3,5,1
7.82,7,5,2,5,1
8.12,8,0,7,3,1
9.32,4,1,4,0,1
7.93,7,3,1,4,1
7.9,4,5,6,0,1
9.95,3,3,6,0,0
8.78,6,1,6,3,0
7.21,4,1,2,2,1
8.54,3,2,1,2,0
6.95,9,5,3,2,1
6.14,5,3,2,1,1
7.98,7,0,6,4,1
9.64,6,1,6,1,1
9.65,10,0,5,4,1
6.71,5,3,10,5,1
7.64,7,5,10,4,1
6.06,6,4,5,4,1
9.98,10,4,9,3,1
9.91,2,1,5,2,0
8.25,3,2,10,1,1
9.02,2,0,6,5,1
8.58,3,1,4,1,0
7.97,1,2,10,3,1
5.27,8,0,1,4,0
7.27,6,3,4,5,1
8.37,2,4,2,2,1
8.39,8,2,10,0,1
6.87,6,0,3,0,0
9.71,7,1,7,3,1
5.84,1,0,7,2,0
7.5,7,1,1,0,1
8.45,3,4,8,0,1
8.49,8,4,7,5,0
8.24,6,0,1,5,1
6.38,4,0,8,1,1
5.78,8,1,2,2,1
8.18,9,1,8,0,1
8.0,10,2,3,5,1
5.9,2,2,10,5,0
8.53,6,2,7,5,1
7.28,5,0,6,1,1
8.34,5,5,5,2,0
9.19,10,5,10,4,1
5.85,3,5,2,5,0
5.1,8,5,2,2,1
8.9,8,2,1,3,0
8.05,5,0,9,1,1
8.5,8,5,8,4,1
9.19,10,4,8,5,1
9.01,8,3,1,5,1
9.8,3,4,5,1,1
7.68,2,0,6,1,0
7.44,9,0,2,0,1
7.01,2,3,10,5,1
5.77,9,1,5,2,1
7.86,4,1,6,1,1
6.39,2,1,9,1,1
9.61,10,2,10,3,1
7.92,1,1,1,3,0
7.96,4,2,10,3,1
6.77,9,2,3,1,0
5.26,9,1,9,4,1
5.16,4,1,1,2,1
7.12,9,3,1,1,1
5.42,6,5,1,0,1
8.03,1,3,7,5,1
9.4,10,2,5,4,1
9.41,6,3,6,4,1
8.3,9,2,8,2,0
6.06,2,0,2,4,0
9.31,6,2,2,2,1
9.43,2,2,3,4,1
5.98,4,3,3,5,0
8.69,8,5,3,2,1
6.43,7,0,4,3,1
9.01,9,4,3,3,1
9.99,7,4,2,4,1
5.15,1,5,9,4,1
9.49,2,4,6,2,1
8.11,6,0,3,2,0
9.87,7,1,9,5,1
7.33,3,0,4,1,1
9.24,9,3,4,3,1
5.31,7,2,8,1,0
6.68,6,2,7,1,1
5.34,6,3,7,0,1
9.88,1,3,10,2,1
9.08,5,2,7,0,1
9.26,10,5,10,0,0
9.69,3,1,5,1,1
5.43,7,1,7,0,0
6.93,10,1,4,5,1
5.36,3,3,8,2,1
6.05,5,2,9,1,1
6.15,7,5,3,2,1
7.35,3,2,7,5,1
6.34,10,2,10,4,1
5.5,2,5,9,0,0
5.84,6,0,1,1,0
5.74,8,5,2,3,0
9.87,4,0,7,2,1
8.8,9,4,2,5,1
9.84,8,0,7,0,1
7.2,7,1,1,2,1
6.39,7,1,3,5,1
8.99,3,5,5,2,1
6.63,6,1,6,4,1
6.5,5,1,9,5,1
6.16,1,4,9,2,1
5.65,3,1,3,4,0
6.28,1,3,8,4,1
6.78,4,3,4,4,0
8.37,10,3,7,0,0
5.31,3,0,6,5,0
6.05,4,5,8,2,1
9.05,9,5,6,2,1
5.73,3,2,4,5,0
6.71,6,4,2,4,0
9.32,6,3,7,2,1
5.77,7,3,4,2,1
5.41,9,1,9,4,1
7.42,7,3,9,3,1
6.51,1,1,7,3,1
7.82,8,1,5,4,1
9.02,5,2,3,0,0
5.69,9,0,3,2,1
7.9,10,1,9,2,0
7.53,5,1,9,3,1
5.72,5,5,4,4,1
8.12,2,2,1,5,1
6.37,3,1,10,5,1
7.44,10,4,5,0,0
5.41,9,0,8,4,1
7.3,7,4,10,3,1
6.53,1,3,4,3,0
9.11,3,0,10,2,1
5.28,2,3,10,1,0
7.09,1,5,4,0,0
7.29,9,1,9,0,1
8.63,8,2,9,1,0
7.87,5,4,7,5,0
8.34,2,3,10,5,0
8.89,1,1,8,5,1
9.31,7,4,4,3,1
6.57,2,4,8,4,1
7.69,1,5,6,0,0
9.2,2,5,3,1,0
9.95,7,3,7,2,1
9.45,7,1,3,2,1
6.86,10,2,7,3,0
5.98,6,3,5,0,1
7.45,5,4,4,4,1
8.71,3,4,3,0,0
7.46,3,0,8,5,0
7.42,9,1,4,2,0
9.19,4,0,8,0,1
6.81,9,5,10,2,1
9.3,4,2,3,1,0
7.03,2,3,10,1,1
6.64,4,4,9,2,1
7.27,6,1,6,4,0
8.81,6,4,5,4,0
5.63,5,5,5,0,1
5.98,1,0,3,2,0
9.76,3,0,2,3,1
5.88,5,3,6,4,1
7.84,6,1,1,4,1
7.9,1,5,7,5,1
7.45,9,1,5,1,1
8.22,3,3,4,4,0
6.15,10,5,9,4,1
7.76,3,5,10,5,1
6.86,2,0,1,4,1
8.31,8,0,4,5,1
5.71,3,0,3,2,1
7.85,6,4,6,2,1
5.93,2,2,5,1,1
6.39,7,0,7,0,1
6.09,4,2,1,5,1
5.91,9,2,5,4,1
9.13,10,1,2,0,0
6.43,9,3,2,2,1
9.64,7,4,2,4,1
9.85,8,2,9,0,1
7.86,3,4,10,5,1
5.72,5,1,3,5,1
6.87,2,0,4,0,1
8.99,10,5,5,5,0
6.84,7,2,4,3,1
5.44,8,3,4,2,1
7.78,9,5,5,1,1
9.23,7,1,10,1,1
8.98,10,4,9,3,1
5.88,10,0,9,0,0
8.36,8,4,6,5,1
6.1,9,3,3,3,1
6.09,6,2,6,3,0
9.37,10,3,10,5,1
6.25,2,4,4,2,0
6.32,2,4,3,5,0
5.0,4,5,6,5,1
9.35,9,3,6,4,1
8.96,7,3,2,0,1
8.14,2,3,9,1,1
8.75,8,0,8,1,1
5.76,7,4,6,3,1
7.29,9,1,1,3,1
6.76,8,0,2,3,0
5.47,3,0,4,0,1
7.43,1,0,7,3,1
9.6,2,5,9,3,0
5.2,2,1,10,4,0
6.46,4,3,5,0,0
6.04,6,5,10,2,1
6.19,4,4,2,2,0
9.54,9,2,1,5,1
7.34,4,5,10,4,1
7.33,6,2,1,1,1
8.8,6,4,5,5,1
5.77,10,1,7,2,1
7.44,10,2,9,0,1
7.15,1,0,9,1,0
7.98,8,5,8,3,1
10.0,3,2,1,0,1
8.85,6,4,5,1,0
6.99,3,0,6,2,1
9.14,2,2,6,5,1
5.85,5,4,4,3,1
5.15,1,1,1,3,0
6.02,9,4,3,0,1
6.7,7,1,10,5,1
7.55,3,0,4,3,1
8.08,4,4,4,1,0
9.55,6,3,4,4,1
7.55,3,5,5,2,1
7.51,7,3,9,0,0
5.25,6,3,4,5,1
5.17,9,3,9,4,1
7.76,5,5,9,4,0
7.19,4,3,1,0,1
9.2,3,1,5,1,1
5.8,10,4,9,5,1
5.12,1,0,4,2,0
7.25,3,3,5,0,1
6.19,3,3,4,5,1
5.25,7,0,2,4,0
8.62,7,0,10,4,1
5.56,1,3,2,0,1
8.04,3,1,2,5,0
6.41,8,0,1,4,0
5.87,9,4,3,0,1
6.9,7,4,10,0,1
9.01,7,1,1,2,1
6.96,8,5,4,0,1
8.75,6,2,1,5,0
5.63,3,1,4,5,1
8.86,1,3,3,4,1
6.18,7,2,9,3,1
8.39,1,3,1,2,0
7.83,1,4,8,5,1
9.65,9,0,9,4,1
6.94,10,3,7,4,1
5.33,7,4,1,2,1
5.1,4,1,4,2,0
9.13,6,3,10,4,1
7.62,1,4,1,3,1
8.88,7,0,4,1,0
6.17,6,3,3,4,1
6.73,4,5,2,2,0
5.15,7,4,1,0,1
9.81,3,3,6,0,1
8.34,1,0,7,2,1
9.67,4,3,6,2,1
6.33,3,3,9,1,1
8.06,1,5,9,5,1
8.39,2,4,2,2,0
6.59,5,2,2,0,0
9.24,8,3,9,3,1
9.74,1,2,1,2,0
9.42,4,1,5,1,1
8.7,4,3,1,3,0
6.39,5,2,7,1,0
6.41,7,1,9,3,1
9.82,8,5,6,2,1
5.05,6,4,2,0,1
8.58,1,3,6,3,1
8.53,7,4,9,4,1
8.11,3,1,3,5,0
9.95,6,4,9,1,1
6.56,8,4,8,3,1
6.7,7,0,7,1,0
5.39,10,1,8,0,0
7.21,6,4,10,1,1
6.31,9,2,6,1,1
6.72,9,1,3,4,0
9.17,1,0,7,1,0
9.68,1,3,4,3,0
5.93,1,5,10,1,1
6.86,8,4,5,2,0
9.64,10,2,8,1,1
5.31,7,0,7,2,1
5.46,3,1,7,5,0
5.81,2,5,8,1,0
7.98,4,5,10,5,0
5.75,3,4,3,1,1
9.84,7,0,3,3,1
7.23,10,0,2,2,1
7.51,8,2,1,5,1
6.23,6,3,10,5,0
7.35,3,3,6,2,1
8.31,6,3,6,4,0
8.76,2,5,10,1,1
8.77,7,5,8,1,0
7.89,10,1,6,3,1
9.52,7,5,6,4,1
9.09,4,5,1,4,0
8.79,8,0,7,3,0
5.28,4,1,7,5,1
5.03,7,0,10,2,1
6.06,4,2,9,5,0
8.32,5,2,7,0,1
7.06,7,1,8,3,0
7.01,10,1,4,2,0
9.42,3,5,9,5,0
9.48,10,2,1,5,1
9.55,5,4,8,4,1
6.57,3,3,3,3,0
8.46,5,5,1,0,1
6.36,3,3,2,1,0
5.95,10,2,6,3,0
5.92,7,3,5,0,0
6.71,1,4,3,0,0
7.15,9,4,9,3,1
9.15,9,0,8,2,1
5.6,5,1,3,3,1
8.67,9,3,2,5,1
7.66,10,4,8,4,0
6.44,6,1,5,5,0
7.46,5,1,9,0,1
6.5,3,0,1,0,0
7.98,8,1,10,1,1
7.17,4,1,3,0,1
5.82,10,5,5,1,1
5.58,3,2,2,0,1
7.73,6,0,3,0,1
9.51,8,0,4,3,0
6.72,9,3,4,3,0
8.67,6,1,9,4,1
8.29,5,3,1,5,1
9.66,2,5,9,2,1
9.1,2,4,9,4,0
7.83,9,1,6,0,0
8.29,2,4,1,4,0
9.49,2,2,6,3,1
7.0,3,5,8,5,1
6.63,3,1,5,0,0
5.05,4,3,5,0,0
9.13,7,3,1,4,1
9.0,9,1,1,5,1
5.52,2,3,8,1,1
7.88,4,1,5,2,0
7.32,9,0,8,5,0
5.59,2,3,10,4,1
9.9,10,1,2,4,1
6.07,1,1,4,2,0
5.34,10,3,10,0,1
7.97,8,0,9,0,0
8.69,9,3,3,1,1
5.16,7,1,6,4,1
8.29,8,0,7,2,1
7.66,4,4,3,4,1
5.52,4,2,1,3,1
5.86,2,3,2,4,0
7.84,8,5,10,4,1
6.48,2,1,7,3,0
9.69,9,0,7,3,1
9.09,4,0,1,2,0
9.92,1,4,10,0,0
6.3,4,3,7,1,1
9.85,3,5,10,3,0
7.16,6,0,6,0,0
6.74,7,4,6,2,1
5.25,8,1,7,5,1
5.26,2,4,7,4,1
8.46,6,3,1,2,0
7.29,6,4,10,2,1
6.13,10,0,5,3,0
8.07,5,0,8,1,0
6.26,10,2,8,3,0
7.89,10,4,3,4,0
6.8,7,1,3,3,0
9.12,3,5,7,4,0
9.1,4,5,4,3,1
7.39,10,3,6,5,1
6.75,9,2,9,1,1
6.81,4,4,10,5,1
9.03,3,1,2,0,0
6.64,2,2,2,1,1
6.05,5,0,6,3,1
5.42,4,3,3,2,0
7.33,8,4,1,0,1
7.41,7,5,2,2,0
9.2,6,1,7,5,1
6.11,2,0,4,1,1
6.9,3,2,2,0,0
9.04,10,3,8,5,1
9.12,9,2,4,3,1
6.92,9,5,4,2,1
7.3,5,2,2,3,0
6.52,3,1,1,4,1
9.66,2,0,1,0,1
5.59,8,4,3,2,1
9.67,6,1,6,1,0
8.42,10,5,7,1,1
7.66,7,3,9,1,1
5.16,1,5,5,5,0
7.38,1,5,9,1,0
7.04,10,2,8,2,1
5.81,2,3,1,5,1
8.28,10,1,3,4,0
9.86,3,5,8,1,1
7.81,1,1,9,1,1
8.57,5,4,4,5,0
5.34,3,2,6,1,1
7.09,1,1,4,4,0
5.58,8,3,9,5,1
8.06,6,5,2,5,1
9.69,9,4,6,0,1
8.31,3,3,3,5,0
5.38,9,2,10,1,1
6.77,9,4,4,5,1
7.75,1,4,2,1,1
7.02,3,4,8,1,0
9.17,6,5,10,5,1
9.07,8,0,8,0,0
8.06,4,4,1,1,0
6.87,5,3,10,0,1
6.28,9,3,6,0,0
5.53,6,2,1,5,0
6.77,7,1,6,3,1
7.07,7,1,7,3,1
8.38,4,0,2,1,0
8.29,4,5,9,2,1
5.35,4,5,8,3,0
6.98,5,4,9,5,1
5.91,5,0,10,5,0
5.78,8,2,4,3,1
9.14,9,2,4,2,0
5.21,2,1,8,4,1
7.1,7,2,1,1,0
5.84,1,4,8,4,1
9.4,1,3,7,4,0
7.79,4,2,7,0,1
6.16,10,0,9,0,1
7.51,7,4,10,1,1
8.66,2,2,7,2,1
9.79,2,5,2,0,0
6.1,1,2,1,3,0
9.43,10,5,1,1,1
9.67,2,4,7,5,0
9.58,7,2,5,4,1
8.18,9,5,4,1,1
8.15,6,3,5,5,1
7.02,10,1,10,5,1
8.76,2,4,10,0,1
7.66,10,5,6,5,1
8.39,10,0,10,2,1
7.14,9,2,6,5,0
8.66,7,5,1,5,0
9.12,1,5,2,4,0
5.73,9,5,3,2,1
9.16,2,1,4,1,1
7.7,4,0,6,2,1
9.22,9,0,9,2,1
7.16,4,3,2,1,1
6.9,3,1,8,4,0
9.58,1,5,9,5,1
6.26,7,4,2,2,1
9.22,6,1,9,2,1
7.42,10,1,7,1,0
7.57,4,0,9,3,1
6.54,6,3,6,2,1
7.87,6,3,2,0,0
6.63,4,1,8,5,1
5.2,6,1,10,5,1
6.36,10,2,9,4,0
5.03,8,5,8,2,0
9.89,3,0,2,1,0
9.83,4,5,8,0,1
6.98,10,4,3,1,1
8.64,1,4,3,2,0
6.73,4,3,9,0,1
8.36,10,0,9,4,0
9.03,10,5,9,4,1
9.73,9,3,4,4,1
7.0,8,4,7,3,1
8.92,4,1,8,1,1
6.33,7,0,5,2,1
9.95,10,0,1,0,1
5.13,3,5,9,5,0
8.02,9,2,6,5,1
8.3,10,5,3,1,1
8.44,4,1,3,2,1
5.6,2,1,10,3,1
9.69,10,3,1,2,1
5.91,5,0,8,1,0
8.11,2,3,2,2,1
6.11,10,1,1,5,1
6.54,6,2,7,5,0
7.73,10,0,9,0,1
7.09,1,1,6,3,0
5.8,6,2,8,5,0
5.85,4,5,8,0,1
7.09,3,4,9,3,1
8.79,2,1,7,5,1
9.49,7,4,9,3,1
5.42,9,3,9,2,1
6.97,3,4,1,0,0
5.5,6,1,6,3,1
5.08,9,4,8,3,1
8.31,2,0,10,2,1
8.01,7,1,9,5,1
5.82,5,2,4,5,1
6.17,5,4,2,1,0
5.12,7,0,9,1,1
9.17,9,3,9,5,1
9.87,4,3,8,4,1
5.68,9,4,3,4,0
6.16,10,3,5,3,1
9.34,9,2,2,5,1
9.63,4,1,3,1,1
7.1,3,0,1,3,0
5.25,2,5,4,0,1
5.2,9,4,5,1,1
7.87,2,3,2,1,0
6.96,6,1,3,1,0
5.14,5,5,6,4,0
7.92,5,2,6,2,0
5.06,4,3,7,2,0
8.94,6,3,9,4,1
6.53,5,0,4,5,1
5.2,4,2,5,5,0
7.94,9,2,2,4,0
6.99,6,4,6,4,0
9.87,10,5,4,5,1
7.72,10,0,5,2,0
6.38,10,4,7,3,0
8.55,3,0,6,4,0
6.36,10,2,8,3,0
9.52,6,0,6,3,1
6.87,1,0,10,0,0
7.75,5,0,8,2,0
5.25,10,1,4,3,1
7.13,6,1,7,2,0
9.16,8,5,3,2,1
9.03,9,5,1,0,0
6.12,3,2,9,5,0
6.13,2,0,9,2,0
9.09,4,2,6,3,0
9.65,8,1,2,5,1
5.48,8,0,8,5,1
7.25,3,4,10,1,0
6.69,4,1,6,3,1
9.35,3,1,7,3,0
5.42,10,1,1,2,1
6.06,2,0,3,3,1
8.76,4,5,1,1,1
5.26,6,3,10,2,0
7.46,5,4,1,4,0
7.21,3,4,1,3,0
6.67,2,2,4,3,1
6.97,9,0,7,0,0
7.65,1,5,7,4,0
5.81,9,1,5,4,1
7.86,1,3,6,1,0
9.03,7,0,2,4,1
8.8,6,0,5,0,1
5.77,7,5,7,1,0
5.75,3,3,9,4,1
6.34,3,1,6,1,1
6.81,1,0,10,4,0
7.04,4,4,4,4,0
8.4,2,4,3,5,1
5.28,10,3,9,4,1
5.17,8,1,7,3,1
6.96,3,3,6,4,1
8.49,7,0,7,3,0
5.97,7,4,8,2,1
8.21,9,2,5,5,1
6.3,6,3,3,0,0
9.43,1,2,3,1,0
9.48,8,2,2,1,1
6.49,1,5,8,2,1
6.15,3,4,1,4,0
7.06,5,3,8,0,0
6.2,8,2,3,2,1
8.36,9,0,9,2,1
9.13,7,5,2,1,1
8.37,9,1,10,3,0
9.12,3,5,9,3,1
6.98,5,1,6,4,0
5.78,10,4,1,4,1
8.69,8,3,5,2,1
6.8,1,3,10,4,1
8.36,8,1,9,3,1
6.35,7,0,6,0,0
5.41,1,1,7,1,0
9.96,10,1,4,3,1
5.78,10,3,1,5,0
9.94,6,2,5,4,1
9.89,1,0,2,1,1
8.97,2,3,8,5,1
8.3,5,5,4,1,1
7.89,2,1,1,2,0
9.33,10,2,10,4,1
6.45,1,0,7,2,1
7.34,6,4,2,1,0
8.1,8,0,3,2,0
7.06,8,0,9,4,0
7.14,8,1,9,3,0
6.65,6,1,2,0,0
7.82,3,4,3,5,1
9.25,1,4,9,3,1
6.01,2,4,1,1,0
9.67,5,3,2,3,1
8.45,10,3,2,2,1
9.12,5,1,10,4,1
7.78,10,1,3,3,1
8.9,1,4,10,3,1
5.08,1,3,3,4,0
9.09,9,2,10,2,1
5.2,2,3,2,0,0
9.45,7,1,8,3,1
9.96,10,3,8,5,1
6.47,4,1,8,1,1
6.05,7,4,2,2,0
8.83,8,4,9,2,1
6.27,5,4,7,3,1
9.33,1,2,5,5,1
5.51,4,2,7,4,1
5.63,10,1,8,3,1
9.9,3,0,9,3,0
8.37,10,5,2,4,0
9.23,5,2,6,1,0
6.62,10,1,9,4,1
8.38,10,3,6,3,1
7.97,6,4,2,0,1
8.02,2,4,1,4,0
8.41,7,4,3,1,0
7.88,3,1,5,4,1
7.15,1,4,7,4,0
6.38,10,2,10,2,1
8.84,3,3,10,2,1
6.13,9,4,3,3,0
8.46,10,1,9,3,0
6.17,6,3,10,4,1
8.13,6,4,4,0,1
8.74,4,0,10,5,1
6.09,8,4,2,3,1
5.3,5,5,3,4,0
5.65,7,2,5,4,1
8.03,9,3,3,5,1
9.25,5,2,5,4,1
5.22,5,0,4,5,0
8.67,4,0,10,5,1
6.71,6,5,3,4,0
7.39,2,2,6,4,1
9.64,3,3,8,2,0
6.66,1,0,4,5,0
7.33,2,0,9,1,0
5.07,2,4,6,5,0
5.41,8,5,5,1,1
6.29,8,1,3,4,1
5.14,2,0,5,3,0
8.16,6,3,5,0,1
7.13,5,3,4,4,0
7.74,3,4,6,0,1
5.87,5,3,3,2,1
6.48,5,4,10,1,1
8.32,5,0,1,2,1
9.83,3,0,7,3,1
5.25,3,0,7,3,1
9.45,4,0,4,5,0
7.88,7,1,9,4,1
7.82,2,5,2,5,1
7.5,10,5,1,3,0
5.35,4,1,3,3,0
5.45,4,0,7,5,0
8.0,1,3,9,2,0
6.7,10,4,2,0,0
9.59,8,5,6,1,1
7.03,1,2,3,3,1
5.72,8,4,5,5,0
8.57,7,2,9,3,1
6.47,9,2,3,2,1
7.63,8,0,1,1,1
8.49,5,2,5,2,1
9.5,8,0,1,0,1
8.96,10,1,8,2,1
8.38,3,3,7,1,1
8.4,10,2,2,1,0
9.73,7,3,9,3,0
6.48,4,0,5,0,1
5.01,5,2,7,4,0
6.36,9,4,4,3,0
6.09,7,1,1,5,0
8.31,4,5,8,2,1
8.17,6,1,1,2,1
7.97,10,2,3,1,1
5.08,7,1,6,5,1
8.64,10,5,8,1,1
6.62,9,4,8,5,1
8.33,4,3,2,1,1
7.78,10,4,9,4,1
6.71,3,1,4,4,1
5.67,8,5,4,3,1
5.47,1,3,2,4,1
9.16,9,5,1,5,1
9.59,1,4,10,1,1
8.25,2,0,7,5,0
5.52,8,0,10,3,0
7.01,9,3,3,3,1
8.64,7,3,4,0,1
8.9,3,3,9,4,1
5.59,7,0,6,2,0
5.0,6,4,1,2,0
8.56,2,3,9,0,1
6.78,3,0,9,1,1
6.27,10,3,5,0,0
5.06,10,3,8,1,1
7.7,5,5,7,4,1
9.26,10,3,8,4,1
9.79,4,0,9,3,1
7.83,2,4,2,3,1
7.57,4,0,10,3,1
5.43,8,0,5,3,1
7.74,5,3,8,2,0
6.9,5,5,3,3,1
8.04,10,2,6,3,1
6.94,3,2,6,3,1
6.2,8,2,7,1,1
5.47,6,0,3,5,0
6.57,2,3,8,3,0
5.48,2,2,8,0,0
5.88,9,1,9,3,1
9.94,7,1,8,3,1
7.22,10,1,3,2,0
7.66,9,4,6,5,1
9.37,6,3,9,3,1
9.98,5,0,1,5,1
7.91,1,0,3,1,1
9.06,6,3,2,4,1
6.63,6,5,8,5,1
6.53,3,5,6,5,1
7.01,3,4,10,3,1
8.36,3,3,8,3,1
8.41,3,5,2,3,1
6.58,7,4,6,2,1
5.67,10,2,7,4,1
8.16,2,2,8,2,1
5.64,10,4,9,2,1
7.89,10,3,5,2,1
8.47,2,2,3,1,1
8.5,3,3,2,4,1
8.77,10,5,8,1,1
9.36,7,2,1,1,0
7.5,3,5,10,4,0
8.65,7,3,6,1,1
8.1,9,3,2,4,1
5.93,10,1,3,5,0
5.13,4,4,8,5,1
6.42,7,0,1,3,1
7.22,9,4,6,2,0
8.09,8,3,3,5,1
9.25,8,3,6,5,1
5.98,9,4,3,1,0
5.63,5,3,8,4,1
9.82,5,5,5,0,1
5.54,3,2,4,1,0
7.39,5,3,9,1,1
7.93,8,4,5,4,1
7.71,5,4,4,0,1
5.43,4,4,8,0,1
5.29,8,1,8,3,1
5.53,7,5,8,1,1
7.93,6,5,4,2,1
7.72,5,1,1,5,1
6.17,5,5,2,1,1
8.19,10,1,4,2,1
9.1,2,5,10,2,1
5.21,4,1,2,4,1
7.49,8,1,10,1,1
8.45,8,5,3,4,1
6.26,1,1,9,3,0
6.54,2,5,9,2,1
8.07,5,1,9,0,1
9.49,9,4,7,2,1
9.05,10,0,4,3,1
7.92,7,5,1,2,0
8.65,10,1,3,4,0
6.82,5,4,8,1,1
8.2,1,0,4,0,1
7.33,6,1,10,4,0
5.95,8,0,10,5,0
8.51,7,5,2,1,0
7.78,2,0,8,0,0
6.79,5,2,7,3,1
9.56,4,3,10,2,1
5.1,9,2,9,0,1
6.58,10,5,2,5,1
5.28,1,5,5,3,0
8.83,6,0,6,1,1
8.51,3,4,2,0,0
6.66,9,1,2,3,1
8.38,5,3,10,1,1
6.98,6,1,4,4,1
8.78,9,4,8,2,1
7.27,9,5,5,3,0
7.06,8,3,9,4,1
9.67,9,2,4,5,1
6.25,4,5,3,5,1
5.6,6,5,10,1,1
7.92,5,0,8,0,1
9.85,5,4,1,2,1
6.89,4,0,9,1,1
5.31,2,0,4,3,0
6.7,6,1,9,2,1
7.53,9,5,8,4,1
5.81,1,4,3,2,0
8.29,7,0,3,4,1
9.99,6,2,9,1,1
7.26,3,3,3,0,1
6.77,1,4,4,5,0
7.0,4,1,9,2,0
5.58,9,4,4,0,1
9.42,2,5,3,0,1
7.07,3,1,7,5,1
6.94,2,3,6,2,0
8.3,2,2,1,2,0
7.21,10,0,10,0,1
8.24,8,4,8,3,1
5.31,3,1,1,3,0
9.07,7,3,4,2,1
9.7,8,0,6,0,1
8.24,3,3,6,0,1
9.77,2,2,7,1,1
5.76,8,0,5,0,1
7.39,3,0,5,5,0
8.01,7,0,4,3,0
7.91,1,1,6,1,1
7.01,6,0,7,5,0
6.69,9,3,10,3,1
5.63,3,1,10,5,1
6.96,7,0,1,4,1
5.81,6,3,9,2,1
8.67,8,3,8,4,1
6.04,3,4,7,2,0
5.29,3,3,9,3,1
7.76,4,5,3,3,1
7.98,3,2,10,4,1
9.36,9,0,4,5,1
7.88,4,0,7,2,0
6.73,6,0,6,2,0
9.02,8,3,2,1,0
7.7,8,3,2,0,0
5.4,5,0,10,5,1
7.83,5,5,7,5,0
9.54,6,1,9,1,1
6.98,10,1,9,3,1
6.48,7,2,7,4,1
5.72,10,4,8,5,0
5.76,7,2,10,2,1
7.16,4,0,3,1,0
7.98,6,0,1,4,1
5.4,7,0,7,4,0
9.7,5,4,8,5,1
8.78,5,3,2,0,1
7.93,2,4,9,2,0
9.14,7,2,4,4,0
5.4,6,3,10,2,0
7.38,1,3,9,5,1
8.15,4,2,3,1,1
9.14,3,3,8,4,1
8.92,3,1,2,5,1
6.39,7,2,3,4,0
9.7,10,2,1,1,0
5.62,4,1,5,2,0
9.38,8,4,4,2,1
9.85,9,4,1,4,1
5.89,3,4,10,5,1
8.61,5,3,9,1,1
5.2,4,1,6,3,1
7.03,10,2,6,2,1
7.58,6,2,2,3,0
7.9,10,2,7,4,1
9.68,4,3,9,3,1
8.36,8,3,6,5,0
7.41,3,5,8,5,1
9.05,5,4,5,3,1
9.75,1,5,2,5,1
5.11,6,5,4,2,0
9.91,5,3,1,4,0
5.43,8,4,1,3,0
9.07,9,4,6,2,1
6.4,8,2,2,3,0
5.66,8,3,6,2,0
7.2,3,4,1,5,1
8.22,4,5,10,5,0
6.9,4,1,3,4,1
5.27,5,1,9,5,0
8.0,9,3,2,1,0
9.51,9,2,8,2,1
6.92,10,2,6,2,1
6.08,1,4,6,3,1
7.21,8,3,7,4,1
5.24,1,1,5,0,0
9.1,2,5,4,5,0
9.13,7,4,6,0,1
7.94,8,5,8,1,1
6.77,1,4,4,4,1
9.0,3,0,5,2,1
7.77,7,5,7,0,0
9.13,9,3,6,1,1
8.16,8,5,4,4,1
8.92,8,5,4,1,1
7.99,9,4,10,5,1
7.07,10,1,4,0,1
9.79,3,0,1,3,1
7.71,8,5,5,3,1
8.03,1,1,8,4,1
6.1,8,2,7,1,1
8.13,7,0,5,2,1
7.86,8,0,3,0,0
5.92,1,4,1,3,0
5.3,6,5,7,3,1
8.02,7,2,3,1,1
8.82,5,4,4,3,1
7.62,5,3,5,1,0
6.13,7,1,8,0,1
8.33,3,1,7,1,1
5.4,6,4,9,3,1
7.21,7,1,3,1,0
5.82,1,5,10,3,0
5.92,2,1,1,5,0
6.01,4,5,1,4,1
6.93,8,3,10,3,0
5.26,10,2,1,3,1
6.99,6,0,2,3,1
7.56,1,4,2,4,0
7.42,10,4,7,5,1
6.91,5,5,9,2,1
9.2,7,3,8,3,1
5.73,6,3,4,2,0
7.53,9,0,2,0,0
5.31,8,2,3,5,1
5.36,4,4,10,1,0
7.87,5,5,5,2,0
7.83,7,3,9,5,1
9.39,8,4,8,0,1
7.79,5,5,3,5,1
9.8,9,1,9,1,1
5.24,10,4,10,3,0
5.49,4,2,3,3,0
5.22,4,5,10,3,1
5.93,8,2,8,4,0
7.71,1,4,1,4,0
8.23,8,1,4,4,1
5.23,5,2,4,4,0
9.73,1,3,6,0,1
9.21,4,5,2,5,1
6.48,2,4,7,0,1
5.39,4,1,5,3,1
5.85,8,3,10,1,1
5.63,5,4,6,4,1
5.62,1,1,6,5,0
7.59,7,3,6,1,0
6.23,1,2,10,0,1
6.79,9,4,8,4,1
9.95,3,4,10,0,1
8.42,3,2,4,0,0
9.74,6,0,10,2,0
5.71,10,3,8,5,1
6.91,6,2,9,0,1
7.77,6,4,4,3,1
5.38,1,3,1,0,0
5.02,5,3,3,4,0
8.35,6,0,1,3,0
8.21,8,4,7,0,0
7.05,1,1,1,3,0
7.45,5,0,4,0,1
7.08,3,0,1,5,0
5.12,2,1,2,3,0
6.68,8,1,1,1,1
5.89,7,0,5,2,1
5.49,10,3,7,3,1
9.78,7,2,3,4,0
8.0,5,2,8,2,0
8.64,9,0,5,2,1
6.58,5,3,5,0,1
6.97,2,1,5,3,0
6.18,3,5,8,5,0
5.48,4,0,2,2,0
5.9,5,4,2,4,0
8.99,3,3,8,5,0
8.39,7,4,9,5,1
7.73,5,4,10,4,1
7.38,5,0,10,4,1
9.61,6,3,2,0,1
5.36,7,4,4,1,0
6.4,10,3,8,3,1
6.75,10,2,2,2,1
8.91,8,5,4,3,1
9.96,9,4,10,5,1
6.2,4,4,1,2,0
9.37,5,3,2,0,1
9.15,5,5,7,3,0
6.12,8,2,1,0,0
7.0,9,4,1,0,1
7.05,7,0,2,3,1
9.89,5,3,4,3,1
5.9,3,3,7,2,1
9.0,1,4,4,5,0
6.67,9,2,5,5,1
8.65,5,4,4,4,0
7.1,9,1,4,0,1
7.89,10,4,9,5,1
9.16,4,5,6,1,0
9.02,5,5,3,2,1
9.33,4,1,6,2,1
5.3,2,5,7,4,1
8.46,1,5,7,4,1
5.7,8,0,8,0,1
7.08,4,3,4,2,0
7.74,5,5,1,2,1
7.01,6,3,6,1,0
7.6,8,2,8,0,1
9.98,8,4,5,0,1
5.68,7,0,3,5,1
8.38,4,1,4,4,1
6.98,6,2,8,5,1
5.67,4,0,6,0,0
5.79,7,0,5,1,0
9.75,1,1,9,0,0
9.4,5,1,10,5,1
9.54,10,3,3,3,1
9.96,10,4,7,3,0
6.04,4,2,9,1,1
6.78,7,4,4,4,0
8.35,9,2,10,2,1
7.42,5,0,10,0,1
7.09,4,5,3,5,0
6.79,9,5,1,4,1
7.97,5,1,9,5,0
7.88,9,1,1,4,1
5.81,8,0,2,0,0
7.36,4,0,9,2,0
7.77,7,2,5,0,1
7.85,5,0,4,2,0
6.05,10,2,9,5,1
8.71,4,4,9,1,1
5.13,5,1,2,2,0
6.77,5,1,3,4,1
8.9,9,5,3,1,0
7.82,9,5,5,5,1
6.31,6,1,3,3,0
8.47,4,4,10,1,0
7.84,2,4,6,2,1
8.98,3,3,2,1,0
8.68,2,2,6,5,0
8.05,5,5,6,1,1
7.44,6,2,2,5,1
5.67,5,5,6,3,1
6.31,2,3,6,2,0
7.1,5,1,6,4,1
8.0,9,2,5,1,0
7.57,4,5,7,0,1
6.44,10,2,5,4,0
5.03,2,1,1,1,1
7.48,3,0,9,4,0
6.43,3,5,3,0,1
8.67,9,0,2,4,1
5.12,4,3,10,4,1
7.92,1,4,6,0,1
9.71,1,2,8,0,1
5.87,7,5,2,0,0
7.36,7,2,4,3,0
5.46,2,3,2,5,0
8.13,9,3,9,5,1
7.75,9,2,10,0,1
7.04,5,5,2,5,1
7.61,3,1,10,4,0
9.48,3,1,2,0,1
5.98,3,4,5,1,1
5.11,6,2,5,0,0
9.31,4,2,7,0,0
7.89,8,5,1,5,1
9.45,5,2,2,2,1
7.98,1,5,6,4,0
9.05,9,2,2,5,0
7.15,1,3,4,4,1
8.75,6,0,10,1,1
9.57,1,2,6,3,0
7.86,3,0,7,2,0
5.9,10,1,10,1,1
6.34,5,4,5,1,1
5.99,10,1,8,4,0
6.23,7,2,6,2,0
6.53,10,5,5,4,0
7.78,8,1,4,3,0
7.94,9,3,6,4,0
7.13,6,0,6,0,0
8.08,9,5,6,4,0
5.41,8,5,1,0,0
5.44,9,2,6,1,0
5.86,10,3,1,3,0
7.59,4,0,5,5,0
6.07,9,3,7,0,1
6.42,7,1,1,3,0
7.0,5,2,1,4,1
9.06,5,5,6,5,1
5.07,1,5,7,4,1
8.25,2,1,6,1,0
8.34,10,5,5,4,1
8.99,3,4,6,0,1
9.66,8,2,3,1,1
5.1,6,1,9,3,1
5.77,10,2,5,1,0
9.43,5,0,2,3,1
7.29,1,2,10,2,1
7.82,9,2,10,0,0
8.32,3,0,7,0,0
8.4,3,1,3,3,0
9.66,2,2,1,4,1
9.98,4,3,3,5,1
8.6,2,2,9,4,1
6.44,9,1,5,2,1
9.4,10,5,7,3,1
5.25,7,0,3,2,0
6.16,8,5,4,3,0
9.49,3,1,1,2,1
6.28,6,4,3,3,1
6.1,10,5,7,0,1
5.69,6,2,4,2,0
9.3,1,2,2,2,0
7.5,6,0,5,3,1
8.37,3,2,5,1,1
6.2,3,3,2,1,1
8.79,3,3,6,0,1
8.8,10,5,10,4,1
6.56,10,1,4,4,1
7.05,8,0,1,0,0
6.05,5,4,3,4,1
9.88,4,5,9,5,1
8.23,9,1,10,5,1
9.67,9,0,7,5,0
6.52,1,0,6,5,0
8.91,2,5,1,3,0
8.83,8,1,9,1,1
8.46,5,1,9,0,1
9.83,7,2,1,3,1
6.97,1,4,6,5,1
5.65,10,3,7,0,1
8.36,5,2,2,1,0
8.65,3,0,10,4,1
7.88,10,4,8,3,1
6.03,2,4,8,1,1
7.52,2,1,6,0,1
6.56,9,4,9,2,0
7.14,4,5,3,3,1
8.23,4,4,2,0,1
8.73,7,0,2,0,0
6.16,10,5,6,1,0
7.03,10,5,7,0,1
6.35,2,2,6,3,1
5.99,3,4,3,5,0
8.92,3,1,5,3,1
9.55,6,2,8,0,1
6.85,3,1,6,1,1
8.76,5,4,2,3,1
9.48,4,2,7,2,0
9.23,3,4,8,5,1
5.91,8,0,4,4,0
9.78,10,2,1,1,1
6.88,3,1,2,1,1
6.7,6,0,4,4,1
5.31,7,3,7,4,1
7.43,7,1,2,3,0
5.55,2,4,6,0,0
6.24,3,1,2,0,0
6.58,10,3,7,2,1
9.04,10,1,2,5,1
9.38,4,0,3,0,1
6.51,7,5,9,2,1
9.29,2,1,4,2,1
9.29,3,2,5,1,1
8.82,7,3,9,1,1
5.73,7,1,7,5,1
8.45,10,3,8,3,1
9.73,3,5,3,4,0
8.41,1,0,4,4,0
6.66,3,2,7,5,0
7.5,5,4,4,2,1
8.23,7,1,2,5,1
7.55,4,0,10,4,1
5.6,1,3,6,2,0
6.56,6,5,9,4,1
9.01,2,3,2,3,0
9.31,3,5,1,1,1
5.69,4,5,8,1,1
9.76,6,0,1,2,0
6.64,6,1,1,5,1
8.31,7,4,3,4,1
8.76,5,1,5,0,1
9.06,7,2,9,3,0
9.73,2,1,10,4,1
6.56,1,5,2,0,0
9.29,10,5,1,3,1
5.66,8,2,1,3,0
8.53,1,3,8,1,0
8.71,2,5,10,2,1
8.39,10,2,10,4,1
6.26,6,5,10,3,1
9.37,1,4,2,4,0
5.84,10,5,9,3,0
5.27,3,0,9,5,1
8.59,7,2,2,1,0
7.38,8,1,3,2,1
9.25,4,2,2,0,0
6.92,3,3,6,0,1
5.84,1,5,7,5,1
9.18,9,2,6,1,1
7.74,10,4,3,3,0
5.95,6,2,3,1,1
8.6,6,4,2,2,1
7.56,9,5,2,0,1
8.02,1,1,5,4,0
7.3,6,5,8,0,0
9.14,5,3,6,2,1
9.15,6,0,9,3,1
8.55,8,1,5,1,0
5.53,5,1,10,0,1
9.19,2,0,4,0,1
8.36,2,2,9,4,1
8.49,10,5,10,1,1
6.81,5,2,5,4,1
9.4,3,2,1,4,0
8.63,10,5,5,3,1
5.56,3,3,5,0,0
7.04,8,1,5,5,0
9.43,7,4,2,1,1
5.24,1,0,6,3,1
9.81,5,1,5,5,0
8.4,9,2,2,3,1
8.16,4,0,10,3,1
6.35,1,4,8,2,0
6.24,8,1,6,2,0
9.71,5,1,10,3,1
6.49,2,3,3,2,0
8.88,1,1,9,1,1
6.97,3,1,4,0,0
5.7,9,4,3,5,1
5.05,1,4,7,1,1
7.72,4,0,8,0,0
9.88,8,2,7,2,1
6.85,8,4,1,5,1
6.79,10,0,1,1,1
6.72,8,1,5,4,0
7.6,10,0,8,3,0
7.2,8,0,10,0,1
9.4,4,0,3,0,1
7.53,8,5,8,4,1
7.54,9,0,3,4,1
5.69,7,4,4,3,1
9.91,2,5,10,2,1
6.25,9,2,7,1,1
5.37,8,0,3,1,1
8.32,5,3,4,1,1
7.98,3,1,8,2,1
7.08,7,1,4,3,0
7.11,2,5,9,1,1
8.93,3,1,4,0,0
5.98,9,1,4,0,0
9.1,4,5,5,0,0
8.24,4,1,1,4,0
7.09,3,0,7,4,1
7.29,5,2,9,2,1
6.28,3,5,9,1,0
8.76,9,3,1,4,1
7.56,3,5,6,0,1
6.6,2,4,3,4,1
7.98,5,3,4,0,1
9.98,6,4,8,1,1
7.18,1,5,4,2,1
9.6,6,4,8,3,1
6.73,10,3,4,3,1
5.27,3,0,9,0,1
6.02,4,5,6,4,0
7.09,6,5,1,4,1
6.1,8,1,10,0,1
5.0,9,5,2,1,1
9.58,6,5,7,0,1
9.22,7,0,10,1,1
8.71,5,1,7,2,1
5.84,9,2,3,2,0
5.6,4,4,1,0,1
5.34,10,3,8,2,1
8.62,6,2,10,4,1
9.64,5,1,10,1,1
7.15,1,0,7,3,0
5.6,5,3,10,3,1
7.56,5,4,8,2,0
6.74,9,5,1,1,1
6.87,1,5,3,4,0
8.11,5,2,2,3,0
8.59,7,4,1,4,0
5.55,6,1,5,4,0
5.18,6,4,3,3,0
9.97,7,0,10,3,1
6.16,6,2,8,2,0
5.27,5,2,6,1,1
5.95,10,0,10,0,1
5.19,5,4,9,1,1
6.96,9,0,9,0,1
9.01,8,3,6,3,1
6.71,10,0,2,4,1
7.22,4,4,9,1,1
8.38,4,0,2,4,0
7.54,10,1,3,1,1
9.31,5,5,6,5,1
9.33,3,0,2,1,0
5.05,8,5,5,4,1
8.89,7,0,2,5,1
7.3,5,4,4,2,1
9.94,10,3,3,3,1
7.42,3,3,5,2,1
9.93,5,5,6,2,1
8.77,3,4,7,1,0
6.24,10,4,10,3,1
7.69,5,4,8,5,0
9.96,1,1,9,1,0
9.29,6,2,4,0,0
5.49,10,0,4,1,0
8.53,4,4,7,5,1
6.73,4,4,10,4,0
5.03,8,4,10,1,1
7.02,2,3,9,0,1
6.17,4,4,2,1,1
9.09,2,0,6,5,0
6.69,1,4,10,0,0
9.14,10,0,10,3,1
5.0,3,1,8,5,1
6.54,8,2,5,1,0
6.21,6,3,5,0,0
6.17,7,0,8,5,1
5.34,2,5,1,3,0
5.94,6,1,6,4,0
7.78,8,2,10,2,1
6.46,8,2,9,0,1
7.09,4,2,6,4,0
6.88,6,0,7,3,1
9.38,5,1,4,4,0
9.53,9,4,10,1,1
7.46,8,5,1,2,1
6.65,2,1,9,0,0
5.53,7,1,6,5,1
9.77,7,1,3,3,0
5.3,1,0,4,2,1
6.49,1,5,10,3,0
6.49,4,0,6,4,1
6.6,5,5,6,3,0
5.82,4,5,9,3,0
8.92,7,0,4,4,0
5.61,3,5,5,4,1
8.17,7,1,5,2,1
5.62,8,0,3,0,1
5.35,6,5,2,4,1
9.55,6,2,8,2,1
5.95,8,0,10,3,1
9.11,8,3,9,3,1
7.72,7,0,10,5,1
5.39,6,0,9,1,1
9.78,6,0,5,4,1
6.23,10,5,9,2,1
9.3,6,0,4,5,1
5.84,8,3,2,2,1
9.27,1,4,3,0,0
5.07,5,0,1,5,0
7.56,3,2,5,2,0
8.85,8,3,1,4,0
9.67,6,4,1,2,1
9.55,2,5,7,1,0
9.1,7,0,2,3,0
9.44,7,4,8,3,1
6.0,5,2,6,5,1
6.42,8,3,4,2,0
6.44,5,3,9,2,0
6.89,1,5,10,2,1
6.97,9,5,8,2,1
7.72,4,5,10,1,1
5.8,2,4,3,4,0
8.46,4,0,3,1,1
5.84,9,1,4,1,0
6.55,2,3,9,1,1
7.52,4,1,9,3,1
8.98,2,3,5,1,0
8.7,5,5,9,2,1
8.23,3,0,6,1,1
5.78,10,0,8,2,0
7.74,2,3,8,5,0
5.44,9,4,10,4,1
6.89,5,5,7,3,1
7.07,10,0,4,4,1
5.2,5,0,4,5,0
6.37,1,2,6,4,0
9.78,6,0,9,3,1
9.77,7,2,7,2,0
6.76,1,0,5,5,1
5.22,9,0,5,5,1
5.9,8,4,8,2,0
6.96,8,4,6,2,0
9.74,7,5,1,3,1
5.71,5,0,1,1,0
8.82,3,5,9,0,0
5.54,9,5,8,1,1
9.91,7,5,6,1,1
6.91,10,5,1,4,1
8.88,10,3,2,0,1
6.71,8,3,10,2,0
8.14,6,0,3,1,1
5.96,5,3,10,3,0
5.73,8,0,3,1,0
9.69,3,4,2,2,0
9.59,7,1,2,1,0
9.44,2,2,6,5,1
8.13,3,3,7,4,1
9.04,2,3,4,4,0
5.35,5,4,1,1,0
6.67,7,3,6,4,0
6.57,10,0,7,3,1
8.18,10,0,4,0,1
6.78,1,1,6,1,1
5.74,10,1,9,3,1
7.98,9,1,4,5,1
9.07,1,0,10,3,1
6.91,1,5,4,3,1
5.66,10,5,10,5,1
5.98,8,1,5,2,0
6.19,6,1,3,1,1
6.5,6,0,10,1,0
8.21,9,4,2,1,1
8.0,4,3,9,0,1
8.48,8,2,1,3,0
6.81,4,5,5,1,0
9.12,2,5,5,4,1
6.02,8,0,8,2,0
7.35,7,0,6,5,1
9.0,4,2,6,5,1
5.9,9,2,6,0,0
5.55,9,1,4,5,1
9.42,8,2,1,2,1
6.71,1,3,3,3,1
8.42,7,3,10,5,0
5.13,5,5,6,5,0
8.45,7,3,5,4,1
6.58,9,3,10,3,1
5.28,2,3,1,1,0
8.05,4,1,5,2,0
6.2,4,5,2,5,0
6.93,2,0,1,4,1
5.4,3,5,4,2,0
5.74,8,5,6,0,1
6.49,9,5,7,4,1
5.45,6,2,9,0,1
9.55,10,0,5,5,0
5.03,2,2,8,4,1
7.42,2,1,8,1,1
5.62,7,1,9,2,1
6.54,8,4,3,2,0
9.63,8,4,3,3,0
5.81,6,1,9,4,1
9.83,10,1,7,4,1
6.03,8,2,4,0,0
8.71,1,1,1,4,0
7.73,9,0,7,2,1
9.42,1,2,10,4,0
7.77,3,1,6,3,1
7.67,9,2,3,3,1
5.98,5,2,5,2,1
5.83,9,3,3,2,1
9.58,9,4,8,2,1
6.64,6,2,5,4,1
6.86,1,5,10,4,0
8.8,10,2,10,1,1
6.69,7,5,6,5,1
9.76,6,3,2,5,0
8.69,9,1,8,0,0
7.99,7,2,9,4,0
9.4,4,3,3,1,1
5.25,7,0,6,1,1
6.29,2,3,6,3,0
7.33,6,4,2,4,0
6.13,6,4,10,1,1
8.72,2,1,8,3,1
9.6,4,5,5,0,1
7.12,8,1,8,3,1
6.71,8,5,8,0,1
9.81,8,5,3,5,1
7.22,8,5,5,5,1
7.45,1,5,7,2,1
6.76,2,4,5,2,1
9.55,4,4,6,3,1
7.84,9,2,2,2,1
8.81,3,4,8,4,1
9.06,6,1,5,3,1
6.71,7,4,6,1,1
7.17,8,1,1,4,1
9.24,7,0,10,3,1
6.82,3,4,2,5,1
8.97,6,1,4,0,1
9.7,5,5,9,2,1
8.12,10,3,6,2,1
8.71,4,5,8,2,0
9.03,1,2,2,3,1
9.23,7,1,10,4,0
6.98,8,5,5,0,1
5.26,2,4,1,2,1
7.01,7,4,4,4,1
8.37,6,0,10,1,0
7.25,5,3,1,5,1
8.74,4,1,9,1,0
6.78,2,5,2,0,1
8.17,10,3,7,2,1
5.93,6,0,3,1,1
8.75,5,2,2,5,0
7.73,2,3,4,4,0
6.02,10,0,7,4,1
6.46,7,1,7,1,1
8.74,6,2,9,2,1
7.41,9,4,3,5,1
6.08,10,0,7,0,1
9.84,5,4,6,2,1
8.58,9,2,10,3,1
9.79,9,0,7,1,1
7.14,1,0,7,3,1
7.38,5,2,10,1,1
9.49,9,1,5,0,0
7.63,7,0,9,2,1
8.54,6,2,7,5,1
6.26,6,3,7,2,0
7.23,7,4,3,1,1
5.62,1,0,1,4,1
6.03,4,3,5,3,0
5.0,1,0,8,5,0
5.2,6,1,5,5,0
9.89,4,2,10,2,0
6.21,1,0,3,2,0
8.32,9,2,9,1,1
9.2,4,5,2,4,1
7.75,6,0,3,3,0
5.77,7,1,4,4,1
8.64,8,1,10,5,1
8.0,9,3,1,4,1
8.66,9,1,4,1,0
8.85,8,2,4,4,1
9.88,10,5,9,3,1
7.87,3,1,8,5,0
6.71,2,0,2,0,1
8.24,5,1,7,5,1
5.34,1,5,6,0,1
9.49,3,2,7,3,1
5.6,1,0,4,5,1
6.64,3,3,5,5,0
9.08,4,3,6,5,1
7.99,7,3,9,5,1
